판례일련번호,사건명,사건번호,선고일자,법원명,사건종류명,사건종류코드,판결유형,판결요지,선고,판례상세링크
237907,이혼및위자료,2023므12218,2023.11.02,대법원,가사,400103,판결,,선고,/DRF/lawService.do?OC=cacao5424&target=prec&ID=237907&type=HTML&mobileYn=
237555,이혼및재산분할등·이혼등,2023므10861,2023.09.21,대법원,가사,400103,판결,,선고,/DRF/lawService.do?OC=cacao5424&target=prec&ID=237555&type=HTML&mobileYn=
236825,이혼및친권자지정[통신비밀보호법에서 정한 통신사실확인자료의 제출을 명하는 법원의 문서제출명령에 대하여 전기통신사업자가 통신비밀보호법의 규정을 근거로 자료의 제출을 거부하자 그에 대한 제재로서 과태료를 부과한 사건],2018스34,2023.07.17,대법원,가사,400103,전원합의체 결정,,자,/DRF/lawService.do?OC=cacao5424&target=prec&ID=236825&type=HTML&mobileYn=
238101,이혼및위자료,2022르5696,2023.04.19,의정부지방법원,가사,400103,판결,,선고,/DRF/lawService.do?OC=cacao5424&target=prec&ID=238101&type=HTML&mobileYn=
238757,이혼및재산분할등·이혼등,2021르6860,2023.01.26,대구가정법원,가사,400103,판결,,선고,/DRF/lawService.do?OC=cacao5424&target=prec&ID=238757&type=HTML&mobileYn=
237071,이혼등,2021므11112,2022.07.28,대법원,가사,400103,판결,,선고,/DRF/lawService.do?OC=cacao5424&target=prec&ID=237071&type=HTML&mobileYn=
238117,이혼및위자료,2019드단67057,2022.07.05,의정부지방법원고양지원,가사,400103,판결,,선고,/DRF/lawService.do?OC=cacao5424&target=prec&ID=238117&type=HTML&mobileYn=
237063,이혼및재산분할,2022므10109,2022.06.16,대법원,가사,400103,판결,,선고,/DRF/lawService.do?OC=cacao5424&target=prec&ID=237063&type=HTML&mobileYn=
237061,이혼등,2022므10932,2022.06.16,대법원,가사,400103,판결,,선고,/DRF/lawService.do?OC=cacao5424&target=prec&ID=237061&type=HTML&mobileYn=
235447,이혼,2019므14477,2022.06.16,대법원,가사,400103,판결,,선고,/DRF/lawService.do?OC=cacao5424&target=prec&ID=235447&type=HTML&mobileYn=
222695,이혼등,2021므14258,2022.06.16,대법원,가사,400103,판결,,선고,/DRF/lawService.do?OC=cacao5424&target=prec&ID=222695&type=HTML&mobileYn=
221981,"이혼등[원고가 남편인 피고를 상대로 민법 제840조 제1호(배우자의 부정한 행위), 제2호(악의의 유기), 제6호(혼인을 계속하기 어려운 중대한 사유)를 주장하면서 이혼, 위자료, 재산분할 등을 청구한 사안]",2021므15480,2022.05.26,대법원,가사,400103,판결,,선고,/DRF/lawService.do?OC=cacao5424&target=prec&ID=221981&type=HTML&mobileYn=
232987,이혼,2021므15398,2022.04.14,대법원,가사,400103,판결,,선고,/DRF/lawService.do?OC=cacao5424&target=prec&ID=232987&type=HTML&mobileYn=
228769,이혼등·이혼등청구의소,2021므15145,2022.01.14,대법원,가사,400103,판결,,선고,/DRF/lawService.do?OC=cacao5424&target=prec&ID=228769&type=HTML&mobileYn=
219827,혼인의무효·이혼,2019므11584,2021.12.10,대법원,가사,400103,판결,,선고,/DRF/lawService.do?OC=cacao5424&target=prec&ID=219827&type=HTML&mobileYn=
238769,이혼및재산분할등,2020드단10214,2021.11.16,대구가정법원안동지원,가사,400103,판결,,선고,/DRF/lawService.do?OC=cacao5424&target=prec&ID=238769&type=HTML&mobileYn=
223373,이혼및양육자지정,2019므15425,2021.10.28,대법원,가사,400103,판결,,선고,/DRF/lawService.do?OC=cacao5424&target=prec&ID=223373&type=HTML&mobileYn=
218703,이혼ㆍ이혼및양육자지정,2021므12320,2021.09.30,대법원,가사,400103,판결,,선고,/DRF/lawService.do?OC=cacao5424&target=prec&ID=218703&type=HTML&mobileYn=
222865,이혼등,2020르1504,2021.09.16,수원가정법원,가사,400103,판결,,선고,/DRF/lawService.do?OC=cacao5424&target=prec&ID=222865&type=HTML&mobileYn=
217313,이혼위자료및재산분할청구,2021므12108,2021.08.19,대법원,가사,400103,판결,,선고,/DRF/lawService.do?OC=cacao5424&target=prec&ID=217313&type=HTML&mobileYn=
223465,이혼등,2020르11795,2021.07.16,인천가정법원,가사,400103,판결,,선고,/DRF/lawService.do?OC=cacao5424&target=prec&ID=223465&type=HTML&mobileYn=
216857,이혼및위자료,2021므10898,2021.06.10,대법원,가사,400103,판결,,선고,/DRF/lawService.do?OC=cacao5424&target=prec&ID=216857&type=HTML&mobileYn=
218403,이혼ㆍ이혼및양육자지정,2020르293,2021.04.08,전주지방법원,가사,400103,판결,,선고,/DRF/lawService.do?OC=cacao5424&target=prec&ID=218403&type=HTML&mobileYn=
217653,이혼ㆍ위자료및재산분할청구,2020르20470,2021.03.25,서울고등법원,민사,400101,판결,,선고,/DRF/lawService.do?OC=cacao5424&target=prec&ID=217653&type=HTML&mobileYn=
215145,이혼및위자료,2020므14763,2021.03.25,대법원,가사,400103,판결,,선고,/DRF/lawService.do?OC=cacao5424&target=prec&ID=215145&type=HTML&mobileYn=
214589,이혼,2020므11658,2021.03.11,대법원,가사,400103,판결,,선고,/DRF/lawService.do?OC=cacao5424&target=prec&ID=214589&type=HTML&mobileYn=
226783,이혼및위자료등,2017므12552,2021.02.04,대법원,가사,400103,판결,,선고,/DRF/lawService.do?OC=cacao5424&target=prec&ID=226783&type=HTML&mobileYn=
226643,이혼등,2020드단500409,2020.12.23,수원가정법원,가사,400103,판결 : 항소,,선고,/DRF/lawService.do?OC=cacao5424&target=prec&ID=226643&type=HTML&mobileYn=
217135,이혼및위자료,2019르372,2020.12.17,전주지방법원,민사,400101,판결,,선고,/DRF/lawService.do?OC=cacao5424&target=prec&ID=217135&type=HTML&mobileYn=
218275,이혼등청구의소,2020므11818,2020.11.12,대법원,가사,400103,판결,,선고,/DRF/lawService.do?OC=cacao5424&target=prec&ID=218275&type=HTML&mobileYn=
226569,이혼 및 위자료,2020르5976,2020.10.08,대구가정법원,가사,400103,판결,,선고,/DRF/lawService.do?OC=cacao5424&target=prec&ID=226569&type=HTML&mobileYn=
223477,이혼등,2019드단105293,2020.08.19,인천가정법원부천지원,가사,400103,판결,,선고,/DRF/lawService.do?OC=cacao5424&target=prec&ID=223477&type=HTML&mobileYn=
226431,이혼등·이혼등,2018드합200795,2020.07.09,부산가정법원,가사,400103,판결 : 항소,,선고,/DRF/lawService.do?OC=cacao5424&target=prec&ID=226431&type=HTML&mobileYn=
222883,이혼등,2018드단507148,2020.05.27,수원가정법원,가사,400103,판결,,선고,/DRF/lawService.do?OC=cacao5424&target=prec&ID=222883&type=HTML&mobileYn=
211617,이혼,2019므15302,2020.05.14,대법원,가사,400103,판결,,선고,/DRF/lawService.do?OC=cacao5424&target=prec&ID=211617&type=HTML&mobileYn=
211615,이혼[이혼과 함께 자녀의 친권자 및 양육자의 지정을 구하는 사건],2018므15534,2020.05.14,대법원,가사,400103,판결,,선고,/DRF/lawService.do?OC=cacao5424&target=prec&ID=211615&type=HTML&mobileYn=
226297,이혼,2020르18,2020.05.07,대구가정법원,민사,400101,판결,,선고,/DRF/lawService.do?OC=cacao5424&target=prec&ID=226297&type=HTML&mobileYn=
218409,이혼ㆍ이혼및양육자지정,2018드단6047,2020.03.10,전주지방법원,가사,400103,판결,,선고,/DRF/lawService.do?OC=cacao5424&target=prec&ID=218409&type=HTML&mobileYn=
214491,이혼등ㆍ이혼등청구의소,2018드단205427,2020.02.14,부산가정법원,가사,400103,판결 : 항소,,선고,/DRF/lawService.do?OC=cacao5424&target=prec&ID=214491&type=HTML&mobileYn=
225857,이혼,2016드단7762,2019.12.18,대구가정법원,민사,400101,판결,,선고,/DRF/lawService.do?OC=cacao5424&target=prec&ID=225857&type=HTML&mobileYn=
210429,이혼등·이혼및양육자지정,2019므12549,2019.10.31,대법원,가사,400103,판결,,선고,/DRF/lawService.do?OC=cacao5424&target=prec&ID=210429&type=HTML&mobileYn=
225589,이혼,2018르12146,2019.09.27,인천가정법원,가사,400103,판결,,선고,/DRF/lawService.do?OC=cacao5424&target=prec&ID=225589&type=HTML&mobileYn=
209697,이혼등청구의소,2017므11917,2019.09.25,대법원,가사,400103,판결,,선고,/DRF/lawService.do?OC=cacao5424&target=prec&ID=209697&type=HTML&mobileYn=
217179,이혼및위자료,2017드단1878,2019.07.09,전주지방법원,민사,400101,판결,,선고,/DRF/lawService.do?OC=cacao5424&target=prec&ID=217179&type=HTML&mobileYn=
208746,"체류기간연장등불허가처분취소(한국 국적의 배우자와 이혼한 베트남 여성이 결혼이민(F-6 다.목) 체류자격 연장을 신청하였다가 거부된 사안에서, 혼인파탄에 관한 주된 귀책사유가 누구에게 있는지가 다투어진 사안)",2018두66869,2019.07.04,대법원,일반행정,400107,판결,,선고,/DRF/lawService.do?OC=cacao5424&target=prec&ID=208746&type=HTML&mobileYn=
208413,연금분할비율별도결정거부처분취소(이혼 및 재산분할절차에서 국민연금법상 연금의 분할에 관하여 별도로 결정되었는지 여부가 문제된 사건),2018두65088,2019.06.13,대법원,일반행정,400107,판결,,선고,/DRF/lawService.do?OC=cacao5424&target=prec&ID=208413&type=HTML&mobileYn=
225199,이혼등·이혼및양육자지정,2019르123,2019.05.23,수원가정법원,가사,400103,판결,,선고,/DRF/lawService.do?OC=cacao5424&target=prec&ID=225199&type=HTML&mobileYn=
225099,혼인의무효·이혼,2018르11853,2019.04.05,인천가정법원,가사,400103,판결,,선고,/DRF/lawService.do?OC=cacao5424&target=prec&ID=225099&type=HTML&mobileYn=
205686,이혼등·이혼등청구의소,2017드합201319,2019.01.31,부산가정법원,가사,400103,판결 : 항소,,선고,/DRF/lawService.do?OC=cacao5424&target=prec&ID=205686&type=HTML&mobileYn=
224975,이혼등·이혼및양육자지정,2017드단700820,2018.12.13,수원지방법원성남지원,가사,400103,판결,,선고,/DRF/lawService.do?OC=cacao5424&target=prec&ID=224975&type=HTML&mobileYn=
224955,이혼,2017드단3409,2018.11.21,인천가정법원부천지원,가사,400103,판결,,선고,/DRF/lawService.do?OC=cacao5424&target=prec&ID=224955&type=HTML&mobileYn=
205650,이혼및재산분할,2018드단204974,2018.11.07,부산가정법원,가사,400103,판결 : 항소,,선고,/DRF/lawService.do?OC=cacao5424&target=prec&ID=205650&type=HTML&mobileYn=
224931,이혼,2018르10768,2018.10.26,인천가정법원,가사,400103,판결,,선고,/DRF/lawService.do?OC=cacao5424&target=prec&ID=224931&type=HTML&mobileYn=
236441,이혼및친권자지정,2016브49,2018.04.26,전주지방법원,가사,400103,결정,,자,/DRF/lawService.do?OC=cacao5424&target=prec&ID=236441&type=HTML&mobileYn=
193080,이혼등·이혼및재산분할,2017르10884,2017.11.03,인천가정법원,가사,400103,판결 : 상고,,선고,/DRF/lawService.do?OC=cacao5424&target=prec&ID=193080&type=HTML&mobileYn=
213653,이혼 및 위자료 등,2016르22226,2017.07.11,서울고등법원,가사,400103,판결,,선고,/DRF/lawService.do?OC=cacao5424&target=prec&ID=213653&type=HTML&mobileYn=
195463,이혼,2017므10730,2017.06.19,대법원,가사,400103,결정,,자,/DRF/lawService.do?OC=cacao5424&target=prec&ID=195463&type=HTML&mobileYn=
210617,이혼등청구의소,2016르23199,2017.06.13,서울고등법원,가사,400103,판결,,선고,/DRF/lawService.do?OC=cacao5424&target=prec&ID=210617&type=HTML&mobileYn=
210711,이혼등청구의소,2016드합30005,2016.11.09,서울가정법원,가사,400103,판결,,선고,/DRF/lawService.do?OC=cacao5424&target=prec&ID=210711&type=HTML&mobileYn=
236443,이혼및친권자지정(과태료결정에대한이의신청),2016드단1857,2016.10.04,전주지방법원,가사,400103,결정,,자,/DRF/lawService.do?OC=cacao5424&target=prec&ID=236443&type=HTML&mobileYn=
182851,이혼·이혼등,2015르717,2016.03.08,서울고등법원,가사,400103,판결 : 상고,,선고,/DRF/lawService.do?OC=cacao5424&target=prec&ID=182851&type=HTML&mobileYn=
187764,혼인의무효등·이혼,2015므654,2016.02.18,대법원,가사,400103,판결,,선고,/DRF/lawService.do?OC=cacao5424&target=prec&ID=187764&type=HTML&mobileYn=
179891,이혼,2015므3455,2016.01.14,대법원,가사,400103,판결,,선고,/DRF/lawService.do?OC=cacao5424&target=prec&ID=179891&type=HTML&mobileYn=
180301,이혼등·위자료·이혼등,2013드합2446,2015.12.24,부산가정법원,가사,400103,판결 : 항소,,선고,/DRF/lawService.do?OC=cacao5424&target=prec&ID=180301&type=HTML&mobileYn=
179856,이혼,2012므721,2015.10.29,대법원,가사,400103,판결,,선고,/DRF/lawService.do?OC=cacao5424&target=prec&ID=179856&type=HTML&mobileYn=
179471,이혼,2014르2496,2015.10.23,서울가정법원,가사,400103,판결 : 상고,,선고,/DRF/lawService.do?OC=cacao5424&target=prec&ID=179471&type=HTML&mobileYn=
179634,이혼등·이혼등,2014드단201540,2015.10.16,부산가정법원,가사,400103,판결 : 확정,,선고,/DRF/lawService.do?OC=cacao5424&target=prec&ID=179634&type=HTML&mobileYn=
209251,이혼[유책배우자 이혼청구 사건],2013므568,2015.09.15,대법원,가사,400103,전원합의체 판결,,선고,/DRF/lawService.do?OC=cacao5424&target=prec&ID=209251&type=HTML&mobileYn=
182704,이혼,2015르466,2015.08.28,서울가정법원,가사,400103,판결,,선고,/DRF/lawService.do?OC=cacao5424&target=prec&ID=182704&type=HTML&mobileYn=
179178,이혼의무효확인등청구,2014드단312270,2015.07.17,서울가정법원,가사,400103,판결 : 항소,,선고,/DRF/lawService.do?OC=cacao5424&target=prec&ID=179178&type=HTML&mobileYn=
187663,손해배상(이혼)[부정행위로 인한 손해배상 사건],2013므2441,2015.05.29,대법원,가사,400103,판결,,선고,/DRF/lawService.do?OC=cacao5424&target=prec&ID=187663&type=HTML&mobileYn=
177957,이혼및위자료등,2013드합9048,2015.03.25,서울가정법원,가사,400103,판결 : 항소,,선고,/DRF/lawService.do?OC=cacao5424&target=prec&ID=177957&type=HTML&mobileYn=
192614,혼인의취소·이혼등,2014므4734,2015.02.26,대법원,가사,400103,판결,,선고,/DRF/lawService.do?OC=cacao5424&target=prec&ID=192614&type=HTML&mobileYn=
182761,혼인의무효등·이혼,2014르445,2015.01.19,전주지방법원,가사,400103,판결,,선고,/DRF/lawService.do?OC=cacao5424&target=prec&ID=182761&type=HTML&mobileYn=
239155,혼인의취소·이혼등,2013르158,2014.10.01,부산고등법원창원재판부,가사,400103,판결,,선고,/DRF/lawService.do?OC=cacao5424&target=prec&ID=239155&type=HTML&mobileYn=
187495,이혼등[양육비·재산분할에서 가집행선고 관련 사건],2012므1656,2014.09.04,대법원,가사,400103,판결,,선고,/DRF/lawService.do?OC=cacao5424&target=prec&ID=187495&type=HTML&mobileYn=
187486,이혼등[장래 퇴직급여 재산분할 청구 사건],2013므2250,2014.07.16,대법원,가사,400103,전원합의체 판결,,선고,/DRF/lawService.do?OC=cacao5424&target=prec&ID=187486&type=HTML&mobileYn=
187485,이혼등[공무원 퇴직연금수급권의 재산분할 청구 사건],2012므2888,2014.07.16,대법원,가사,400103,전원합의체 판결,,선고,/DRF/lawService.do?OC=cacao5424&target=prec&ID=187485&type=HTML&mobileYn=
187369,이혼및위자료등·이혼등·이혼등,2014므329,2014.06.12,대법원,가사,400103,판결,,선고,/DRF/lawService.do?OC=cacao5424&target=prec&ID=187369&type=HTML&mobileYn=
192459,이혼및위자료·재산분할등,2013므1196,2014.05.16,대법원,가사,400103,판결,,선고,/DRF/lawService.do?OC=cacao5424&target=prec&ID=192459&type=HTML&mobileYn=
173944,이혼등·이혼등,2013므3383,2013.12.26,대법원,가사,400103,판결,,선고,/DRF/lawService.do?OC=cacao5424&target=prec&ID=173944&type=HTML&mobileYn=
180403,이혼등·이혼및위자료,2013므1455,2013.11.28,대법원,가사,400103,판결,,선고,/DRF/lawService.do?OC=cacao5424&target=prec&ID=180403&type=HTML&mobileYn=
180405,이혼및재산분할등,2010므4095,2013.11.28,대법원,가사,400103,판결,,선고,/DRF/lawService.do?OC=cacao5424&target=prec&ID=180405&type=HTML&mobileYn=
172018,이혼등·이혼등,2011므1116,2013.07.12,대법원,가사,400103,판결,,선고,/DRF/lawService.do?OC=cacao5424&target=prec&ID=172018&type=HTML&mobileYn=
170395,이혼·이혼 및 재산분할등(채무초과 부부 재산분할청구 사건),2010므4071,2013.06.20,대법원,가사,400103,전원합의체 판결,,선고,/DRF/lawService.do?OC=cacao5424&target=prec&ID=170395&type=HTML&mobileYn=
179407,손해배상(이혼),2012르1078,2013.05.23,대구가정법원,가사,400103,판결,,선고,/DRF/lawService.do?OC=cacao5424&target=prec&ID=179407&type=HTML&mobileYn=
176126,이혼등,2012르231,2013.05.09,대전고등법원,가사,400103,판결,,선고,/DRF/lawService.do?OC=cacao5424&target=prec&ID=176126&type=HTML&mobileYn=
169585,이혼 및 위자료·재산분할·이혼 및 위자료등,2012르3326,2013.04.25,서울고등법원,가사,400103,판결 : 확정,,선고,/DRF/lawService.do?OC=cacao5424&target=prec&ID=169585&type=HTML&mobileYn=
167861,이혼 및 친권자·양육자 지정·유아 인도,2012므66,2013.02.15,대법원,가사,400103,판결,,선고,/DRF/lawService.do?OC=cacao5424&target=prec&ID=167861&type=HTML&mobileYn=
168251,이혼 및 위자료·재산분할 등,2012르3746,2013.02.08,서울고등법원,민사,400101,판결 : 상고,,선고,/DRF/lawService.do?OC=cacao5424&target=prec&ID=168251&type=HTML&mobileYn=
182202,이혼,2012르754,2013.01.11,대구가정법원,가사,400103,판결,,선고,/DRF/lawService.do?OC=cacao5424&target=prec&ID=182202&type=HTML&mobileYn=
168352,이혼·이혼,2012므2918,2012.10.11,대법원,가사,400103,판결,,선고,/DRF/lawService.do?OC=cacao5424&target=prec&ID=168352&type=HTML&mobileYn=
179357,손해배상(이혼),2011드단2518,2012.08.30,대구가정법원안동지원,민사,400101,판결,,선고,/DRF/lawService.do?OC=cacao5424&target=prec&ID=179357&type=HTML&mobileYn=
182203,이혼,2011드단29651,2012.08.22,대구가정법원,가사,400103,판결,,선고,/DRF/lawService.do?OC=cacao5424&target=prec&ID=182203&type=HTML&mobileYn=
176104,이혼등,2012드합733,2012.08.06,대전가정법원,가사,400103,판결,,선고,/DRF/lawService.do?OC=cacao5424&target=prec&ID=176104&type=HTML&mobileYn=
176125,이혼등,2011르2529,2012.06.12,수원지방법원,가사,400103,판결,,선고,/DRF/lawService.do?OC=cacao5424&target=prec&ID=176125&type=HTML&mobileYn=
162582,이혼 등,2011므4719,2012.04.13,대법원,민사,400101,판결,,선고,/DRF/lawService.do?OC=cacao5424&target=prec&ID=162582&type=HTML&mobileYn=
165582,이혼 등,2011므4443,2012.03.29,대법원,가사,400103,판결,,선고,/DRF/lawService.do?OC=cacao5424&target=prec&ID=165582&type=HTML&mobileYn=
176299,이혼등,2011르240,2012.02.21,수원지방법원,가사,400103,판결,,선고,/DRF/lawService.do?OC=cacao5424&target=prec&ID=176299&type=HTML&mobileYn=
164093,이혼 등,2010드단18986,2012.02.08,부산가정법원,가사,400103,판결 : 확정,,선고,/DRF/lawService.do?OC=cacao5424&target=prec&ID=164093&type=HTML&mobileYn=
168982,이혼 및 친권자·양육자 지정·유아 인도,2011르689,2011.12.07,서울고등법원,가사,400103,판결,,선고,/DRF/lawService.do?OC=cacao5424&target=prec&ID=168982&type=HTML&mobileYn=
221221,이혼등,2011르677,2011.11.29,수원지방법원,가사,400103,판결,,선고,/DRF/lawService.do?OC=cacao5424&target=prec&ID=221221&type=HTML&mobileYn=
221295,이혼등,2011드단1644,2011.09.29,수원지방법원성남지원,가사,400103,판결,,선고,/DRF/lawService.do?OC=cacao5424&target=prec&ID=221295&type=HTML&mobileYn=
158468,이혼·이혼및 재산분할등,2010드합10979,2011.08.25,서울가정법원,가사,400103,판결 : 확정,,선고,/DRF/lawService.do?OC=cacao5424&target=prec&ID=158468&type=HTML&mobileYn=
154370,이혼 및 위자료·재산분할·이혼등,2009므2628,2011.07.14,대법원,가사,400103,판결,,선고,/DRF/lawService.do?OC=cacao5424&target=prec&ID=154370&type=HTML&mobileYn=
157305,이혼등,2008드합866,2011.06.23,부산가정법원,가사,400103,판결 : 항소,,선고,/DRF/lawService.do?OC=cacao5424&target=prec&ID=157305&type=HTML&mobileYn=
149163,이혼·이혼등·손해배상(기),2010므4699,2011.03.10,대법원,가사,400103,판결,,선고,/DRF/lawService.do?OC=cacao5424&target=prec&ID=149163&type=HTML&mobileYn=
163285,이혼등,2009드단13689,2011.01.12,수원지방법원,가사,400103,판결,,선고,/DRF/lawService.do?OC=cacao5424&target=prec&ID=163285&type=HTML&mobileYn=
239289,이혼및위자료등,2009므3928,2010.12.23,대법원,가사,400103,판결,,선고,/DRF/lawService.do?OC=cacao5424&target=prec&ID=239289&type=HTML&mobileYn=
148866,이혼및위자료등·이혼및재산분할등,2010드합2787,2010.12.16,서울가정법원,가사,400103,판결 : 항소,,선고,/DRF/lawService.do?OC=cacao5424&target=prec&ID=148866&type=HTML&mobileYn=
176378,이혼등,2009드단4503,2010.12.09,수원지방법원성남지원,가사,400103,판결,,선고,/DRF/lawService.do?OC=cacao5424&target=prec&ID=176378&type=HTML&mobileYn=
147386,이혼,2009므844,2010.12.09,대법원,가사,400103,판결,,선고,/DRF/lawService.do?OC=cacao5424&target=prec&ID=147386&type=HTML&mobileYn=
149380,이혼·이혼등·손해배상(기),2010르130,2010.11.11,인천지방법원,가사,400103,판결,,선고,/DRF/lawService.do?OC=cacao5424&target=prec&ID=149380&type=HTML&mobileYn=
240543,이혼,2010므2082,2010.10.28,대법원,가사,400103,판결,,선고,/DRF/lawService.do?OC=cacao5424&target=prec&ID=240543&type=HTML&mobileYn=
171100,이혼·이혼 및 재산분할등,2010르749,2010.10.19,대구지방법원,가사,400103,판결,,선고,/DRF/lawService.do?OC=cacao5424&target=prec&ID=171100&type=HTML&mobileYn=
144859,이혼,2010므1140,2010.07.15,대법원,가사,400103,판결,,선고,/DRF/lawService.do?OC=cacao5424&target=prec&ID=144859&type=HTML&mobileYn=
144711,이혼,2010므1256,2010.06.24,대법원,가사,400103,판결,,선고,/DRF/lawService.do?OC=cacao5424&target=prec&ID=144711&type=HTML&mobileYn=
187149,이혼·이혼및재산분할등,2009드단16164,2010.05.18,대구지방법원가정지원,가사,400103,판결,,선고,/DRF/lawService.do?OC=cacao5424&target=prec&ID=187149&type=HTML&mobileYn=
143965,이혼및위자료등,2009므1458,2010.05.13,대법원,가사,400103,판결,,선고,/DRF/lawService.do?OC=cacao5424&target=prec&ID=143965&type=HTML&mobileYn=
143817,이혼,2009므639,2010.04.29,대법원,가사,400103,판결,,선고,/DRF/lawService.do?OC=cacao5424&target=prec&ID=143817&type=HTML&mobileYn=
143555,이혼및재산분할등,2009므4297,2010.04.15,대법원,가사,400103,판결,,선고,/DRF/lawService.do?OC=cacao5424&target=prec&ID=143555&type=HTML&mobileYn=
145149,이혼,2009므3652,2010.04.08,대법원,가사,400103,판결,,선고,/DRF/lawService.do?OC=cacao5424&target=prec&ID=145149&type=HTML&mobileYn=
144953,이혼,2009르873,2010.02.10,대구지방법원,가사,400103,판결,,선고,/DRF/lawService.do?OC=cacao5424&target=prec&ID=144953&type=HTML&mobileYn=
145420,이혼,2009르1499,2010.01.29,서울가정법원,가사,400103,판결,,선고,/DRF/lawService.do?OC=cacao5424&target=prec&ID=145420&type=HTML&mobileYn=
215553,이혼,2009므2130,2009.12.24,대법원,민사,400101,판결,,선고,/DRF/lawService.do?OC=cacao5424&target=prec&ID=215553&type=HTML&mobileYn=
215555,이혼,2009므2413,2009.12.24,대법원,민사,400101,판결,,선고,/DRF/lawService.do?OC=cacao5424&target=prec&ID=215555&type=HTML&mobileYn=
149340,이혼·이혼등·손해배상(기),2007드단9507,2009.12.02,인천지방법원부천지원,가사,400103,판결,,선고,/DRF/lawService.do?OC=cacao5424&target=prec&ID=149340&type=HTML&mobileYn=
140869,이혼등,2009므2840,2009.11.12,대법원,가사,400103,판결,,선고,/DRF/lawService.do?OC=cacao5424&target=prec&ID=140869&type=HTML&mobileYn=
144074,이혼및재산분할등,2009르1429,2009.11.11,서울고등법원,가사,400103,판결,,선고,/DRF/lawService.do?OC=cacao5424&target=prec&ID=144074&type=HTML&mobileYn=
141739,이혼및위자료등·이혼및위자료,2009므1533,2009.07.23,대법원,가사,400103,판결,,선고,/DRF/lawService.do?OC=cacao5424&target=prec&ID=141739&type=HTML&mobileYn=
142723,이혼,2009르216,2009.07.10,부산지방법원,가사,400103,판결,,선고,/DRF/lawService.do?OC=cacao5424&target=prec&ID=142723&type=HTML&mobileYn=
157585,이혼및 위자료·재산 분할·이혼등,2008르676,2009.06.25,광주지방법원,가사,400103,판결,,선고,/DRF/lawService.do?OC=cacao5424&target=prec&ID=157585&type=HTML&mobileYn=
142005,이혼등,2008르1571,2009.06.17,수원지방법원,가사,400103,판결,,선고,/DRF/lawService.do?OC=cacao5424&target=prec&ID=142005&type=HTML&mobileYn=
227975,이혼,2008르242,2009.06.05,광주고등법원,가사,400103,판결 : 상고,,선고,/DRF/lawService.do?OC=cacao5424&target=prec&ID=227975&type=HTML&mobileYn=
144088,이혼및재산분할등,2007드합7195,2009.04.30,서울가정법원,가사,400103,판결,,선고,/DRF/lawService.do?OC=cacao5424&target=prec&ID=144088&type=HTML&mobileYn=
145423,이혼,2007드단74907,2009.04.17,서울가정법원,가사,400103,판결,,선고,/DRF/lawService.do?OC=cacao5424&target=prec&ID=145423&type=HTML&mobileYn=
138509,이혼등,2008므3105,2009.04.09,대법원,가사,400103,판결,,선고,/DRF/lawService.do?OC=cacao5424&target=prec&ID=138509&type=HTML&mobileYn=
144492,이혼및위자료·이혼및위자료등,2008르152,2009.03.27,대구고등법원,가사,400103,판결,,선고,/DRF/lawService.do?OC=cacao5424&target=prec&ID=144492&type=HTML&mobileYn=
133483,이혼·이혼등,2008르2020,2009.03.20,서울가정법원,가사,400103,판결 : 확정,,선고,/DRF/lawService.do?OC=cacao5424&target=prec&ID=133483&type=HTML&mobileYn=
164371,이혼,2007드단33909,2009.02.18,부산지방법원가정지원,가사,400103,판결,,선고,/DRF/lawService.do?OC=cacao5424&target=prec&ID=164371&type=HTML&mobileYn=
147651,이혼,2008르882,2009.02.02,수원지방법원,가사,400103,판결,,선고,/DRF/lawService.do?OC=cacao5424&target=prec&ID=147651&type=HTML&mobileYn=
144183,이혼,2008르332,2009.01.09,부산지방법원,가사,400103,판결,,선고,/DRF/lawService.do?OC=cacao5424&target=prec&ID=144183&type=HTML&mobileYn=
157556,이혼및 위자료·재산 분할·이혼등,2007드단4986,2008.08.14,광주지방법원순천지원,가사,400103,판결,,선고,/DRF/lawService.do?OC=cacao5424&target=prec&ID=157556&type=HTML&mobileYn=
141991,이혼등,2007드단1401,2008.07.31,수원지방법원성남지원,가사,400103,판결,,선고,/DRF/lawService.do?OC=cacao5424&target=prec&ID=141991&type=HTML&mobileYn=
71057,이혼및재산분할등,2007르2139,2008.04.18,서울가정법원,가사,400103,판결 : 확정,,선고,/DRF/lawService.do?OC=cacao5424&target=prec&ID=71057&type=HTML&mobileYn=
69147,이혼등,2007므1690,2007.12.14,대법원,가사,400103,판결,,선고,/DRF/lawService.do?OC=cacao5424&target=prec&ID=69147&type=HTML&mobileYn=
70868,이혼(북한 이탈주민 이혼소송),2004드단63067,2007.08.23,서울가정법원,가사,400103,판결 : 확정,,선고,/DRF/lawService.do?OC=cacao5424&target=prec&ID=70868&type=HTML&mobileYn=
70866,이혼(북한 이탈주민 이혼소송),2004드단77721,2007.06.22,서울가정법원,가사,400103,판결 : 확정,,선고,/DRF/lawService.do?OC=cacao5424&target=prec&ID=70866&type=HTML&mobileYn=
70688,이혼·이혼등,2005드합5201,2007.01.24,서울가정법원,가사,400103,판결 : 항소,,선고,/DRF/lawService.do?OC=cacao5424&target=prec&ID=70688&type=HTML&mobileYn=
70687,이혼및재산분할등·위자료,2005드단53135,2006.12.19,서울가정법원,가사,400103,판결 : 확정,,선고,/DRF/lawService.do?OC=cacao5424&target=prec&ID=70687&type=HTML&mobileYn=
70643,이혼및재산분할등·위자료,2005드합6952,2006.11.16,서울가정법원,가사,400103,판결 : 항소,,선고,/DRF/lawService.do?OC=cacao5424&target=prec&ID=70643&type=HTML&mobileYn=
70642,이혼등,2005드단81468,2006.11.07,서울가정법원,가사,400103,판결 : 확정,,선고,/DRF/lawService.do?OC=cacao5424&target=prec&ID=70642&type=HTML&mobileYn=
216083,이혼및위자료등,2005므884,2006.05.26,대법원,가사,400103,판결,,선고,/DRF/lawService.do?OC=cacao5424&target=prec&ID=216083&type=HTML&mobileYn=
70544,이혼및재산분할등·혼인의무효,2004드합8654,2006.04.26,서울가정법원,가사,400103,판결 : 항소,,선고,/DRF/lawService.do?OC=cacao5424&target=prec&ID=70544&type=HTML&mobileYn=
70543,이혼,2005드단32893,2006.04.05,서울가정법원,가사,400103,판결 : 확정,,선고,/DRF/lawService.do?OC=cacao5424&target=prec&ID=70543&type=HTML&mobileYn=
84245,이혼및재산분할등,2004므1378,2006.01.13,대법원,가사,400103,판결,,선고,/DRF/lawService.do?OC=cacao5424&target=prec&ID=84245&type=HTML&mobileYn=
216173,이혼및재산분할등,2005므1689,2005.12.23,대법원,가사,400103,판결,,선고,/DRF/lawService.do?OC=cacao5424&target=prec&ID=216173&type=HTML&mobileYn=
77264,이혼및재산분할등,2004르964,2005.08.24,서울고등법원,가사,400103,판결,,선고,/DRF/lawService.do?OC=cacao5424&target=prec&ID=77264&type=HTML&mobileYn=
67670,이혼및재산분할·이혼및재산분할등,2003므1166,2005.08.19,대법원,가사,400103,판결,,선고,/DRF/lawService.do?OC=cacao5424&target=prec&ID=67670&type=HTML&mobileYn=
77613,이혼및위자료등,2004르441,2005.05.18,대구지방법원,가사,400103,판결,,선고,/DRF/lawService.do?OC=cacao5424&target=prec&ID=77613&type=HTML&mobileYn=
70061,이혼및위자료등·이혼등,2004드합12790,2005.05.18,서울가정법원,가사,400103,판결: 확정,,선고,/DRF/lawService.do?OC=cacao5424&target=prec&ID=70061&type=HTML&mobileYn=
67544,이혼·이혼등,2004므436,2005.04.28,대법원,가사,400103,판결,,선고,/DRF/lawService.do?OC=cacao5424&target=prec&ID=67544&type=HTML&mobileYn=
69987,이혼및재산분할등,2003드합12991,2005.02.17,서울가정법원,가사,400103,판결: 확정,,선고,/DRF/lawService.do?OC=cacao5424&target=prec&ID=69987&type=HTML&mobileYn=
83468,이혼,2004므1033,2004.09.24,대법원,가사,400103,판결,,선고,/DRF/lawService.do?OC=cacao5424&target=prec&ID=83468&type=HTML&mobileYn=
83446,이혼및재산분할등,2004므740,2004.09.13,대법원,가사,400103,판결,,선고,/DRF/lawService.do?OC=cacao5424&target=prec&ID=83446&type=HTML&mobileYn=
67423,이혼등,2004므955,2004.08.20,대법원,가사,400103,판결,,선고,/DRF/lawService.do?OC=cacao5424&target=prec&ID=67423&type=HTML&mobileYn=
83352,이혼및위자료등,2003므2251,2004.07.09,대법원,가사,400103,판결,,선고,/DRF/lawService.do?OC=cacao5424&target=prec&ID=83352&type=HTML&mobileYn=
77292,이혼및재산분할등,2003르1700,2004.06.22,서울고등법원,가사,400103,판결,,선고,/DRF/lawService.do?OC=cacao5424&target=prec&ID=77292&type=HTML&mobileYn=
69746,이혼의 무효 등,2003드합6149,2004.04.22,서울가정법원,가사,400103,판결: 항소,,선고,/DRF/lawService.do?OC=cacao5424&target=prec&ID=69746&type=HTML&mobileYn=
69717,이혼및위자료·이혼및재산분할,2002드합8421,2004.03.17,서울가정법원,가사,400103,판결: 항소,,선고,/DRF/lawService.do?OC=cacao5424&target=prec&ID=69717&type=HTML&mobileYn=
69688,이혼및친권자지정,2003드단58877,2004.02.06,서울가정법원,가사,400103,판결: 확정,,선고,/DRF/lawService.do?OC=cacao5424&target=prec&ID=69688&type=HTML&mobileYn=
77316,이혼및재산분할등,2003드합363,2003.09.03,서울가정법원,가사,400103,판결,,선고,/DRF/lawService.do?OC=cacao5424&target=prec&ID=77316&type=HTML&mobileYn=
82758,이혼및위자료등,2003므941,2003.08.19,대법원,가사,400103,판결,,선고,/DRF/lawService.do?OC=cacao5424&target=prec&ID=82758&type=HTML&mobileYn=
69514,이혼,2002르2578,2003.07.24,서울가정법원,가사,400103,판결: 상고,,선고,/DRF/lawService.do?OC=cacao5424&target=prec&ID=69514&type=HTML&mobileYn=
64786,이혼·재산분할등·위자료,2002므1787,2003.03.25,대법원,가사,400103,판결,,선고,/DRF/lawService.do?OC=cacao5424&target=prec&ID=64786&type=HTML&mobileYn=
219661,이혼및재산분할등,2001므718,2002.09.04,대법원,가사,400103,판결,,선고,/DRF/lawService.do?OC=cacao5424&target=prec&ID=219661&type=HTML&mobileYn=
71564,이혼 및 재산분할,2001르1745,2002.04.04,서울가정법원,형사,400102,판결：상고기각,,선고,/DRF/lawService.do?OC=cacao5424&target=prec&ID=71564&type=HTML&mobileYn=
81386,이혼,2002므74,2002.03.29,대법원,가사,400103,판결,,선고,/DRF/lawService.do?OC=cacao5424&target=prec&ID=81386&type=HTML&mobileYn=
81120,이혼등,2001므1728,2001.12.14,대법원,가사,400103,판결,,선고,/DRF/lawService.do?OC=cacao5424&target=prec&ID=81120&type=HTML&mobileYn=
80911,이혼·위자료및재산분할·이혼등,2001므725,2001.09.25,대법원,가사,400103,판결,,선고,/DRF/lawService.do?OC=cacao5424&target=prec&ID=80911&type=HTML&mobileYn=
190263,이혼및재산분할등,2000드합6063,2001.07.25,서울가정법원,가사,400103,판결 : 확정,,선고,/DRF/lawService.do?OC=cacao5424&target=prec&ID=190263&type=HTML&mobileYn=
80642,이혼등,2001므626,2001.06.15,대법원,가사,400103,판결,,선고,/DRF/lawService.do?OC=cacao5424&target=prec&ID=80642&type=HTML&mobileYn=
190242,이혼등,2000드단21348,2001.05.29,서울가정법원,가사,400103,판결 : 항소기각·확정,,선고,/DRF/lawService.do?OC=cacao5424&target=prec&ID=190242&type=HTML&mobileYn=
190243,이혼등,2000르43,2001.04.13,창원지방법원,가사,400103,판결 ： 확정,,선고,/DRF/lawService.do?OC=cacao5424&target=prec&ID=190243&type=HTML&mobileYn=
80329,이혼등,2000므1561,2001.02.23,대법원,가사,400103,판결,,선고,/DRF/lawService.do?OC=cacao5424&target=prec&ID=80329&type=HTML&mobileYn=
190232,이혼등,99드합5446,2000.12.07,서울가정법원,가사,400103,판결 : 확정,,선고,/DRF/lawService.do?OC=cacao5424&target=prec&ID=190232&type=HTML&mobileYn=
190231,이혼등·부양료,99드단38784,2000.12.05,서울가정법원,가사,400103,판결 : 항소기각·상고,,선고,/DRF/lawService.do?OC=cacao5424&target=prec&ID=190231&type=HTML&mobileYn=
79922,이혼및재산분할,99므906,2000.09.22,대법원,가사,400103,판결,,선고,/DRF/lawService.do?OC=cacao5424&target=prec&ID=79922&type=HTML&mobileYn=
79868,이혼등,99므1886,2000.09.05,대법원,가사,400103,판결,,선고,/DRF/lawService.do?OC=cacao5424&target=prec&ID=79868&type=HTML&mobileYn=
71222,이혼·재산분할등,98드96753,2000.07.06,서울가정법원,가사,400103,판결：항소,,선고,/DRF/lawService.do?OC=cacao5424&target=prec&ID=71222&type=HTML&mobileYn=
71221,이혼·재산분할등,98드84446,2000.06.28,서울가정법원,가사,400103,판결：확정,,선고,/DRF/lawService.do?OC=cacao5424&target=prec&ID=71221&type=HTML&mobileYn=
71223,이혼·재산분할등,98드62958,2000.04.19,서울가정법원,가사,400103,판결：항소,,선고,/DRF/lawService.do?OC=cacao5424&target=prec&ID=71223&type=HTML&mobileYn=
79068,이혼및위자료,99므180,1999.11.26,대법원,가사,400103,판결,,선고,/DRF/lawService.do?OC=cacao5424&target=prec&ID=79068&type=HTML&mobileYn=
79069,이혼및위자료등,99므1596,1999.11.26,대법원,가사,400103,판결,,선고,/DRF/lawService.do?OC=cacao5424&target=prec&ID=79069&type=HTML&mobileYn=
121010,이혼등,99드합2775,1999.11.11,서울가정법원,가사,400103,판결 : 확정,,선고,/DRF/lawService.do?OC=cacao5424&target=prec&ID=121010&type=HTML&mobileYn=
118136,이혼및재산분할,99므1213,1999.10.08,대법원,가사,400103,판결,,선고,/DRF/lawService.do?OC=cacao5424&target=prec&ID=118136&type=HTML&mobileYn=
121011,이혼,98드87322,1999.07.01,서울가정법원,가사,400103,판결 : 확정,,선고,/DRF/lawService.do?OC=cacao5424&target=prec&ID=121011&type=HTML&mobileYn=
117774,이혼등,96므1397,1999.06.11,대법원,가사,400103,판결,,선고,/DRF/lawService.do?OC=cacao5424&target=prec&ID=117774&type=HTML&mobileYn=
211103,이혼및위자료,97므612,1999.02.12,대법원,가사,400103,판결,,선고,/DRF/lawService.do?OC=cacao5424&target=prec&ID=211103&type=HTML&mobileYn=
117185,이혼등,98므1193,1998.11.13,대법원,가사,400103,판결,,선고,/DRF/lawService.do?OC=cacao5424&target=prec&ID=117185&type=HTML&mobileYn=
222103,이혼및위자료등,97드2994,1998.11.05,제주지방법원,가사,400103,판결：항소,,선고,/DRF/lawService.do?OC=cacao5424&target=prec&ID=222103&type=HTML&mobileYn=
116830,이혼·이혼및위자료,98므15,1998.06.23,대법원,가사,400103,판결,,선고,/DRF/lawService.do?OC=cacao5424&target=prec&ID=116830&type=HTML&mobileYn=
192040,이혼및위자료등,96므1434,1998.04.10,대법원,가사,400103,판결,,선고,/DRF/lawService.do?OC=cacao5424&target=prec&ID=192040&type=HTML&mobileYn=
146713,이혼및위자료등·이혼등,97므1486,1998.02.13,대법원,가사,400103,판결,,선고,/DRF/lawService.do?OC=cacao5424&target=prec&ID=146713&type=HTML&mobileYn=
116236,이혼등·이혼및위자료등,96므1076,1997.12.26,대법원,가사,400103,판결,,선고,/DRF/lawService.do?OC=cacao5424&target=prec&ID=116236&type=HTML&mobileYn=
120536,이혼 및 위자료,96드73619,1997.10.24,서울가정법원,가사,400103,판결：확정,,선고,/DRF/lawService.do?OC=cacao5424&target=prec&ID=120536&type=HTML&mobileYn=
219663,이혼등,97므933,1997.09.26,대법원,가사,400103,판결,,선고,/DRF/lawService.do?OC=cacao5424&target=prec&ID=219663&type=HTML&mobileYn=
120534,이혼 및 위자료,96드96056,1997.09.11,서울가정법원,가사,400103,판결：항소,,선고,/DRF/lawService.do?OC=cacao5424&target=prec&ID=120534&type=HTML&mobileYn=
115606,이혼등,96므912,1997.08.22,대법원,가사,400103,판결,,선고,/DRF/lawService.do?OC=cacao5424&target=prec&ID=115606&type=HTML&mobileYn=
115471,이혼,96므318,1997.07.22,대법원,가사,400103,판결,,선고,/DRF/lawService.do?OC=cacao5424&target=prec&ID=115471&type=HTML&mobileYn=
120411,이혼등,96드1493,1997.06.27,청주지방법원충주지원,가사,400103,판결：확정,,선고,/DRF/lawService.do?OC=cacao5424&target=prec&ID=120411&type=HTML&mobileYn=
115142,이혼,97므155,1997.05.16,대법원,가사,400103,판결,,선고,/DRF/lawService.do?OC=cacao5424&target=prec&ID=115142&type=HTML&mobileYn=
222151,"혼인무효,이혼및위자료등",96드49128,1997.04.17,서울가정법원,가사,400103,판결：확정,,선고,/DRF/lawService.do?OC=cacao5424&target=prec&ID=222151&type=HTML&mobileYn=
222199,이혼,96르1222,1997.04.16,서울가정법원,가사,400103,판결：확정,,선고,/DRF/lawService.do?OC=cacao5424&target=prec&ID=222199&type=HTML&mobileYn=
222127,이혼및재산분할등,96드27609,1997.04.03,서울가정법원,가사,400103,판결：항소화해,,선고,/DRF/lawService.do?OC=cacao5424&target=prec&ID=222127&type=HTML&mobileYn=
222201,이혼및친권자지정,96드56454,1997.04.02,서울가정법원,가사,400103,판결：확정,,선고,/DRF/lawService.do?OC=cacao5424&target=prec&ID=222201&type=HTML&mobileYn=
114949,이혼,96므608,1997.03.28,대법원,가사,400103,판결,,선고,/DRF/lawService.do?OC=cacao5424&target=prec&ID=114949&type=HTML&mobileYn=
114702,이혼등,95므1413,1997.01.24,대법원,가사,400103,판결,,선고,/DRF/lawService.do?OC=cacao5424&target=prec&ID=114702&type=HTML&mobileYn=
114653,이혼,95므1192,1996.12.23,대법원,가사,400103,판결,,선고,/DRF/lawService.do?OC=cacao5424&target=prec&ID=114653&type=HTML&mobileYn=
114464,이혼및위자료,96므851,1996.11.15,대법원,가사,400103,판결,,선고,/DRF/lawService.do?OC=cacao5424&target=prec&ID=114464&type=HTML&mobileYn=
114396,이혼및위자료,96므1243,1996.11.08,대법원,가사,400103,판결,,선고,/DRF/lawService.do?OC=cacao5424&target=prec&ID=114396&type=HTML&mobileYn=
114395,이혼,96므998,1996.11.08,대법원,가사,400103,판결,,선고,/DRF/lawService.do?OC=cacao5424&target=prec&ID=114395&type=HTML&mobileYn=
223201,이혼,96드35501,1996.08.21,서울가정법원,가사,400103,판결：확정,,선고,/DRF/lawService.do?OC=cacao5424&target=prec&ID=223201&type=HTML&mobileYn=
120304,이혼무효확인,96드5333,1996.07.16,서울가정법원,가사,400103,판결：확정,,선고,/DRF/lawService.do?OC=cacao5424&target=prec&ID=120304&type=HTML&mobileYn=
113878,이혼등,94므741,1996.06.25,대법원,가사,400103,판결,,선고,/DRF/lawService.do?OC=cacao5424&target=prec&ID=113878&type=HTML&mobileYn=
113585,이혼,96므226,1996.04.26,대법원,가사,400103,판결,,선고,/DRF/lawService.do?OC=cacao5424&target=prec&ID=113585&type=HTML&mobileYn=
223273,이혼및위자료등,95드18004,1996.04.17,서울가정법원,가사,400103,판결：항소,,선고,/DRF/lawService.do?OC=cacao5424&target=prec&ID=223273&type=HTML&mobileYn=
120189,이혼및친권자지정,95드58781,1996.03.29,서울가정법원,가사,400103,판결：확정,,선고,/DRF/lawService.do?OC=cacao5424&target=prec&ID=120189&type=HTML&mobileYn=
113213,이혼및양육자지정등,94므635,1996.02.09,대법원,가사,400103,판결,,선고,/DRF/lawService.do?OC=cacao5424&target=prec&ID=113213&type=HTML&mobileYn=
113022,이혼및친권자지정등,95므861,1995.12.22,대법원,가사,400103,판결,,선고,/DRF/lawService.do?OC=cacao5424&target=prec&ID=113022&type=HTML&mobileYn=
112658,이혼,95므175,1995.10.12,대법원,가사,400103,판결,,선고,/DRF/lawService.do?OC=cacao5424&target=prec&ID=112658&type=HTML&mobileYn=
112659,이혼및재산분할등,95므267,1995.10.12,대법원,가사,400103,판결,,선고,/DRF/lawService.do?OC=cacao5424&target=prec&ID=112659&type=HTML&mobileYn=
120087,이혼,94드50629,1995.08.29,서울가정법원,가사,400103,판결：항소,,선고,/DRF/lawService.do?OC=cacao5424&target=prec&ID=120087&type=HTML&mobileYn=
112379,이혼및재산분할등,94므1515,1995.08.25,대법원,가사,400103,판결,,선고,/DRF/lawService.do?OC=cacao5424&target=prec&ID=112379&type=HTML&mobileYn=
111971,이혼등,95므90,1995.05.26,대법원,가사,400103,판결,,선고,/DRF/lawService.do?OC=cacao5424&target=prec&ID=111971&type=HTML&mobileYn=
111970,"이혼및재산분할,이혼및위자료등(반소)",94므1713,1995.05.23,대법원,가사,400103,판결,,선고,/DRF/lawService.do?OC=cacao5424&target=prec&ID=111970&type=HTML&mobileYn=
111847,이혼등,94므536,1995.04.25,대법원,가사,400103,판결,,선고,/DRF/lawService.do?OC=cacao5424&target=prec&ID=111847&type=HTML&mobileYn=
119998,이혼및위자료등,94드4454,1995.04.20,대구지방법원,가사,400103,판결：항소,,선고,/DRF/lawService.do?OC=cacao5424&target=prec&ID=119998&type=HTML&mobileYn=
208752,이혼,94므1225,1994.12.23,대법원,가사,400103,판결,,선고,/DRF/lawService.do?OC=cacao5424&target=prec&ID=208752&type=HTML&mobileYn=
111220,이혼및위자료,94므598,1994.12.13,대법원,가사,400103,판결,,선고,/DRF/lawService.do?OC=cacao5424&target=prec&ID=111220&type=HTML&mobileYn=
111219,이혼등,94므1072,1994.12.02,대법원,가사,400103,판결,,선고,/DRF/lawService.do?OC=cacao5424&target=prec&ID=111219&type=HTML&mobileYn=
111218,"이혼및재산분할등,이혼등",94므901,1994.12.02,대법원,가사,400103,판결,,선고,/DRF/lawService.do?OC=cacao5424&target=prec&ID=111218&type=HTML&mobileYn=
111144,"이혼및친권자지정,이혼및위자료",94므826,1994.11.25,대법원,가사,400103,판결,,선고,/DRF/lawService.do?OC=cacao5424&target=prec&ID=111144&type=HTML&mobileYn=
111038,이혼등,94므963,1994.11.11,대법원,가사,400103,판결,,선고,/DRF/lawService.do?OC=cacao5424&target=prec&ID=111038&type=HTML&mobileYn=
110954,이혼및재산분할,94므246,1994.10.28,대법원,가사,400103,판결,,선고,/DRF/lawService.do?OC=cacao5424&target=prec&ID=110954&type=HTML&mobileYn=
110953,이혼등,94므734,1994.10.25,대법원,가사,400103,판결,,선고,/DRF/lawService.do?OC=cacao5424&target=prec&ID=110953&type=HTML&mobileYn=
119931,이혼등,94드10614,1994.09.29,서울가정법원,가사,400103,제3부판결 : 항소,,선고,/DRF/lawService.do?OC=cacao5424&target=prec&ID=119931&type=HTML&mobileYn=
110309,이혼및친권자지정,94므130,1994.05.27,대법원,가사,400103,판결,,선고,/DRF/lawService.do?OC=cacao5424&target=prec&ID=110309&type=HTML&mobileYn=
110226,이혼및위자료,93므1020,1994.05.13,대법원,가사,400103,판결,,선고,/DRF/lawService.do?OC=cacao5424&target=prec&ID=110226&type=HTML&mobileYn=
110224,"이혼무효확인,이혼",93므1051,1994.05.10,대법원,가사,400103,판결,,선고,/DRF/lawService.do?OC=cacao5424&target=prec&ID=110224&type=HTML&mobileYn=
110108,이혼및위자료,93므1273,1994.04.26,대법원,가사,400103,판결,,선고,/DRF/lawService.do?OC=cacao5424&target=prec&ID=110108&type=HTML&mobileYn=
145918,이혼청구사건,93드22429,1994.04.12,서울가정법원,가사,400103,판결 : 확정,,선고,/DRF/lawService.do?OC=cacao5424&target=prec&ID=145918&type=HTML&mobileYn=
109896,이혼,93므317,1994.02.25,대법원,가사,400103,판결,,선고,/DRF/lawService.do?OC=cacao5424&target=prec&ID=109896&type=HTML&mobileYn=
145833,이혼및재산분할등청구사건,92드74249,1994.01.28,서울가정법원,가사,400103,제4부판결 : 항소,,선고,/DRF/lawService.do?OC=cacao5424&target=prec&ID=145833&type=HTML&mobileYn=
109639,이혼및재산분할등,93므409,1993.12.28,대법원,가사,400103,판결,,선고,/DRF/lawService.do?OC=cacao5424&target=prec&ID=109639&type=HTML&mobileYn=
119776,이혼무효확인청구사건,92드68848,1993.12.09,서울가정법원,가사,400103,판결 : 확정,,선고,/DRF/lawService.do?OC=cacao5424&target=prec&ID=119776&type=HTML&mobileYn=
109569,이혼,93므775,1993.12.07,대법원,가사,400103,판결,,선고,/DRF/lawService.do?OC=cacao5424&target=prec&ID=109569&type=HTML&mobileYn=
109516,"이혼및위자료,이혼",91므177,1993.11.26,대법원,가사,400103,판결,,선고,/DRF/lawService.do?OC=cacao5424&target=prec&ID=109516&type=HTML&mobileYn=
227593,이혼청구사건,93드306,1993.11.19,서울가정법원,가사,400103,판결 : 확정,,선고,/DRF/lawService.do?OC=cacao5424&target=prec&ID=227593&type=HTML&mobileYn=
123742,이혼,93므324,1993.09.28,대법원,가사,400103,판결,,선고,/DRF/lawService.do?OC=cacao5424&target=prec&ID=123742&type=HTML&mobileYn=
189959,이혼등,93므621,1993.09.14,대법원,가사,400103,판결,,선고,/DRF/lawService.do?OC=cacao5424&target=prec&ID=189959&type=HTML&mobileYn=
227613,이혼및양육자지정,92드31853,1993.07.21,서울가정법원,가사,400103,제4부판결 : 항소,,선고,/DRF/lawService.do?OC=cacao5424&target=prec&ID=227613&type=HTML&mobileYn=
123205,"이혼,이혼등",92므1054,1993.06.11,대법원,가사,400103,판결,,선고,/DRF/lawService.do?OC=cacao5424&target=prec&ID=123205&type=HTML&mobileYn=
123206,이혼무효등,93므171,1993.06.11,대법원,가사,400103,판결,,선고,/DRF/lawService.do?OC=cacao5424&target=prec&ID=123206&type=HTML&mobileYn=
227631,이혼및재산분할,92드38625,1993.06.09,서울가정법원,가사,400103,제4부판결 : 항소,,선고,/DRF/lawService.do?OC=cacao5424&target=prec&ID=227631&type=HTML&mobileYn=
123125,이혼및위자료청구,92므143,1993.05.27,대법원,가사,400103,판결,,선고,/DRF/lawService.do?OC=cacao5424&target=prec&ID=123125&type=HTML&mobileYn=
234531,이혼및위자료,92므501,1993.05.25,대법원,가사,400103,판결,,선고,/DRF/lawService.do?OC=cacao5424&target=prec&ID=234531&type=HTML&mobileYn=
122955,이혼,92므1078,1993.04.23,대법원,가사,400103,판결,,선고,/DRF/lawService.do?OC=cacao5424&target=prec&ID=122955&type=HTML&mobileYn=
145857,이혼및위자료,92드54689,1993.04.21,서울가정법원,가사,400103,제4부판결 : 확정,,선고,/DRF/lawService.do?OC=cacao5424&target=prec&ID=145857&type=HTML&mobileYn=
189895,이혼 및 손해배상,92므938,1993.04.09,대법원,가사,400103,판결,,선고,/DRF/lawService.do?OC=cacao5424&target=prec&ID=189895&type=HTML&mobileYn=
227661,이혼,92드66545,1993.04.08,서울가정법원,가사,400103,제3부판결 : 확정,,선고,/DRF/lawService.do?OC=cacao5424&target=prec&ID=227661&type=HTML&mobileYn=
124509,이혼,92므990,1993.03.09,대법원,가사,400103,판결,,선고,/DRF/lawService.do?OC=cacao5424&target=prec&ID=124509&type=HTML&mobileYn=
124373,이혼,92므778,1993.02.12,대법원,가사,400103,판결,,선고,/DRF/lawService.do?OC=cacao5424&target=prec&ID=124373&type=HTML&mobileYn=
123909,이혼및위자료,92므68,1992.11.10,대법원,가사,400103,판결,,선고,/DRF/lawService.do?OC=cacao5424&target=prec&ID=123909&type=HTML&mobileYn=
123910,이혼,92므549,1992.11.10,대법원,가사,400103,판결,,선고,/DRF/lawService.do?OC=cacao5424&target=prec&ID=123910&type=HTML&mobileYn=
122870,"이혼등,양육자지정및부양료",92므204,1992.10.27,대법원,가사,400103,판결,,선고,/DRF/lawService.do?OC=cacao5424&target=prec&ID=122870&type=HTML&mobileYn=
227435,이혼등청구사건,92드8280,1992.08.06,서울가정법원,가사,400103,제2민사부판결 : 확정,,선고,/DRF/lawService.do?OC=cacao5424&target=prec&ID=227435&type=HTML&mobileYn=
227529,이혼등청구사건,91드3052,1992.06.25,광주지방법원,가사,400103,가사부판결 : 확정,,선고,/DRF/lawService.do?OC=cacao5424&target=prec&ID=227529&type=HTML&mobileYn=
189608,이혼,90므1135,1992.05.26,대법원,가사,400103,판결,,선고,/DRF/lawService.do?OC=cacao5424&target=prec&ID=189608&type=HTML&mobileYn=
227505,이혼등청구사건,91드38420,1992.05.07,서울가정법원,가사,400103,제2부판결 : 확정,,선고,/DRF/lawService.do?OC=cacao5424&target=prec&ID=227505&type=HTML&mobileYn=
227471,이혼및위자료등,91드27338,1992.03.12,서울가정법원,가사,400103,제2부판결 : 항소,,선고,/DRF/lawService.do?OC=cacao5424&target=prec&ID=227471&type=HTML&mobileYn=
119345,이혼등,91드82748,1992.02.18,서울가정법원,가사,400103,제4부판결 : 확정,,선고,/DRF/lawService.do?OC=cacao5424&target=prec&ID=119345&type=HTML&mobileYn=
227437,이혼및양육자지정등,91드10620,1992.01.30,서울가정법원,가사,400103,제1부판결 : 확정,,선고,/DRF/lawService.do?OC=cacao5424&target=prec&ID=227437&type=HTML&mobileYn=
121371,이혼,91므528,1991.12.24,대법원,가사,400103,판결,,선고,/DRF/lawService.do?OC=cacao5424&target=prec&ID=121371&type=HTML&mobileYn=
121372,이혼,91므627,1991.12.24,대법원,가사,400103,판결,,선고,/DRF/lawService.do?OC=cacao5424&target=prec&ID=121372&type=HTML&mobileYn=
189406,이혼및위자료,91므344,1991.12.10,대법원,가사,400103,판결,,선고,/DRF/lawService.do?OC=cacao5424&target=prec&ID=189406&type=HTML&mobileYn=
121196,"부양료,이혼",91므375,1991.11.26,대법원,가사,400103,판결,,선고,/DRF/lawService.do?OC=cacao5424&target=prec&ID=121196&type=HTML&mobileYn=
121197,이혼,91므559,1991.11.26,대법원,가사,400103,판결,,선고,/DRF/lawService.do?OC=cacao5424&target=prec&ID=121197&type=HTML&mobileYn=
121194,이혼,91므23,1991.11.22,대법원,가사,400103,판결,,선고,/DRF/lawService.do?OC=cacao5424&target=prec&ID=121194&type=HTML&mobileYn=
119257,이혼및위자료등,91드6348,1991.11.21,서울가정법원,가사,400103,제1부판결 : 항소,,선고,/DRF/lawService.do?OC=cacao5424&target=prec&ID=119257&type=HTML&mobileYn=
109167,"이혼,이혼등",91므85,1991.09.13,대법원,가사,400103,판결,,선고,/DRF/lawService.do?OC=cacao5424&target=prec&ID=109167&type=HTML&mobileYn=
119174,이혼및양육자지정등청구사건,90드63238,1991.08.08,서울가정법원,가사,400103,제5부판결 : 항소,,선고,/DRF/lawService.do?OC=cacao5424&target=prec&ID=119174&type=HTML&mobileYn=
119173,이혼등청구사건,90드12667,1991.07.25,서울가정법원,가사,400103,제5부판결 : 확정,,선고,/DRF/lawService.do?OC=cacao5424&target=prec&ID=119173&type=HTML&mobileYn=
223565,이혼,90므828,1991.07.23,대법원,가사,400103,판결,,선고,/DRF/lawService.do?OC=cacao5424&target=prec&ID=223565&type=HTML&mobileYn=
108934,이혼,90므1067,1991.07.09,대법원,가사,400103,판결,,"선고,",/DRF/lawService.do?OC=cacao5424&target=prec&ID=108934&type=HTML&mobileYn=
119172,이혼및위자료청구사건,91드1220,1991.06.13,서울가정법원,가사,400103,제5부판결 : 확정,,선고,/DRF/lawService.do?OC=cacao5424&target=prec&ID=119172&type=HTML&mobileYn=
119171,이혼및위자료,89드58308,1991.06.07,서울가정법원,가사,400103,제4부판결 : 확정,,선고,/DRF/lawService.do?OC=cacao5424&target=prec&ID=119171&type=HTML&mobileYn=
119178,이혼청구사건,90드75828,1991.05.09,서울가정법원,가사,400103,제5부판결 : 확정,,선고,/DRF/lawService.do?OC=cacao5424&target=prec&ID=119178&type=HTML&mobileYn=
119098,이혼등,90르720,1991.03.27,대구고등법원,가사,400103,특별부판결 : 상고,,선고,/DRF/lawService.do?OC=cacao5424&target=prec&ID=119098&type=HTML&mobileYn=
108216,이혼 등,89므365,1991.02.26,대법원,가사,400103,판결,,선고,/DRF/lawService.do?OC=cacao5424&target=prec&ID=108216&type=HTML&mobileYn=
119097,이혼등,90르132,1991.01.18,부산고등법원,가사,400103,제1특별부판결 : 상고기각,,선고,/DRF/lawService.do?OC=cacao5424&target=prec&ID=119097&type=HTML&mobileYn=
108013,이혼,90므446,1991.01.15,대법원,가사,400103,판결,,선고,/DRF/lawService.do?OC=cacao5424&target=prec&ID=108013&type=HTML&mobileYn=
108012,이혼,90므552,1991.01.11,대법원,가사,400103,판결,,선고,/DRF/lawService.do?OC=cacao5424&target=prec&ID=108012&type=HTML&mobileYn=
107921,"이혼,위자료",90므453,1990.12.26,대법원,가사,400103,판결,,선고,/DRF/lawService.do?OC=cacao5424&target=prec&ID=107921&type=HTML&mobileYn=
107919,이혼,90므897,1990.12.21,대법원,가사,400103,판결,,선고,/DRF/lawService.do?OC=cacao5424&target=prec&ID=107919&type=HTML&mobileYn=
107721,이혼등,90므484,1990.11.27,대법원,가사,400103,판결,,선고,/DRF/lawService.do?OC=cacao5424&target=prec&ID=107721&type=HTML&mobileYn=
119015,이혼등,90르1908,1990.11.16,서울고등법원,가사,400103,제1특별부판결 : 확정,,선고,/DRF/lawService.do?OC=cacao5424&target=prec&ID=119015&type=HTML&mobileYn=
119014,이혼무효확인등,89드79930,1990.11.14,서울가정법원,가사,400103,제2부심판 : 확정,,선고,/DRF/lawService.do?OC=cacao5424&target=prec&ID=119014&type=HTML&mobileYn=
107627,이혼등,90므583,1990.11.09,대법원,가사,400103,판결,,선고,/DRF/lawService.do?OC=cacao5424&target=prec&ID=107627&type=HTML&mobileYn=
189264,이혼,90므569,1990.10.30,대법원,가사,400103,판결,,선고,/DRF/lawService.do?OC=cacao5424&target=prec&ID=189264&type=HTML&mobileYn=
107373,이혼,90므514,1990.10.12,대법원,가사,400103,판결,,선고,/DRF/lawService.do?OC=cacao5424&target=prec&ID=107373&type=HTML&mobileYn=
107273,이혼,89므112,1990.09.25,대법원,가사,400103,판결,,선고,/DRF/lawService.do?OC=cacao5424&target=prec&ID=107273&type=HTML&mobileYn=
107199,이혼및위자료,90므422,1990.08.28,대법원,가사,400103,판결,,선고,/DRF/lawService.do?OC=cacao5424&target=prec&ID=107199&type=HTML&mobileYn=
107154,이혼,90므408,1990.08.10,대법원,가사,400103,판결,,선고,/DRF/lawService.do?OC=cacao5424&target=prec&ID=107154&type=HTML&mobileYn=
107093,이혼,89므1115,1990.07.24,대법원,가사,400103,판결,,선고,/DRF/lawService.do?OC=cacao5424&target=prec&ID=107093&type=HTML&mobileYn=
107038,이혼등,89므631,1990.07.10,대법원,가사,400103,판결,,선고,/DRF/lawService.do?OC=cacao5424&target=prec&ID=107038&type=HTML&mobileYn=
190201,이혼등청구사건,89드59530,1990.05.24,서울가정법원,가사,400103,제4부심판 : 확정,,자,/DRF/lawService.do?OC=cacao5424&target=prec&ID=190201&type=HTML&mobileYn=
106747,이혼,90므231,1990.05.11,대법원,가사,400103,판결,,선고,/DRF/lawService.do?OC=cacao5424&target=prec&ID=106747&type=HTML&mobileYn=
106668,이혼,90므95,1990.04.27,대법원,가사,400103,판결,,선고,/DRF/lawService.do?OC=cacao5424&target=prec&ID=106668&type=HTML&mobileYn=
106667,이혼,89므1214,1990.04.24,대법원,가사,400103,판결,,선고,/DRF/lawService.do?OC=cacao5424&target=prec&ID=106667&type=HTML&mobileYn=
106594,이혼,88므1071,1990.04.10,대법원,가사,400103,판결,,선고,/DRF/lawService.do?OC=cacao5424&target=prec&ID=106594&type=HTML&mobileYn=
141185,이혼,89므235,1990.03.27,대법원,가사,400103,판결,,선고,/DRF/lawService.do?OC=cacao5424&target=prec&ID=141185&type=HTML&mobileYn=
106518,이혼및위자료,89므808,1990.03.27,대법원,가사,400103,판결,,선고,/DRF/lawService.do?OC=cacao5424&target=prec&ID=106518&type=HTML&mobileYn=
106516,이혼,88므375,1990.03.27,대법원,가사,400103,판결,,선고,/DRF/lawService.do?OC=cacao5424&target=prec&ID=106516&type=HTML&mobileYn=
150192,이혼및위자료,89므1085,1990.03.23,대법원,가사,400103,판결,,선고,/DRF/lawService.do?OC=cacao5424&target=prec&ID=150192&type=HTML&mobileYn=
106449,이혼,89므1023,1990.03.13,대법원,가사,400103,판결,,선고,/DRF/lawService.do?OC=cacao5424&target=prec&ID=106449&type=HTML&mobileYn=
228623,이혼,89르3755,1990.02.23,서울고등법원,가사,400103,제1특별부판결 : 확정,,선고,/DRF/lawService.do?OC=cacao5424&target=prec&ID=228623&type=HTML&mobileYn=
106260,이혼등,88므504,1990.02.13,대법원,가사,400103,판결,,선고,/DRF/lawService.do?OC=cacao5424&target=prec&ID=106260&type=HTML&mobileYn=
106139,"이혼,위자료",89므464,1989.12.26,대법원,가사,400103,판결,,선고,/DRF/lawService.do?OC=cacao5424&target=prec&ID=106139&type=HTML&mobileYn=
105797,이혼,89므426,1989.10.24,대법원,가사,400103,판결,,선고,/DRF/lawService.do?OC=cacao5424&target=prec&ID=105797&type=HTML&mobileYn=
105716,"이혼,양육자지정",89므785,1989.10.13,대법원,가사,400103,판결,,선고,/DRF/lawService.do?OC=cacao5424&target=prec&ID=105716&type=HTML&mobileYn=
118752,이혼청구사건,88드65835,1989.09.20,서울가정법원,가사,400103,제3부심판 : 확정,,선고,/DRF/lawService.do?OC=cacao5424&target=prec&ID=118752&type=HTML&mobileYn=
105559,이혼,89므51,1989.09.12,대법원,가사,400103,판결,,선고,/DRF/lawService.do?OC=cacao5424&target=prec&ID=105559&type=HTML&mobileYn=
231229,이혼등청구사건,88르2731,1989.09.08,서울고등법원,가사,400103,제1특별부판결 : 확정,,선고,/DRF/lawService.do?OC=cacao5424&target=prec&ID=231229&type=HTML&mobileYn=
105337,이혼,88므740,1989.06.27,대법원,가사,400103,판결,,선고,/DRF/lawService.do?OC=cacao5424&target=prec&ID=105337&type=HTML&mobileYn=
105084,이혼 및 위자료,88므1088,1989.04.11,대법원,가사,400103,판결,,선고,/DRF/lawService.do?OC=cacao5424&target=prec&ID=105084&type=HTML&mobileYn=
118594,이혼및위자료,88드2012,1989.03.14,대전지방법원천안지원,가사,400103,가사심판부심판 : 항소,,선고,/DRF/lawService.do?OC=cacao5424&target=prec&ID=118594&type=HTML&mobileYn=
104956,이혼,88므184,1989.03.14,대법원,가사,400103,판결,,선고,/DRF/lawService.do?OC=cacao5424&target=prec&ID=104956&type=HTML&mobileYn=
231265,이혼,88르474,1989.02.24,부산고등법원,가사,400103,특별부판결 : 확정,,선고,/DRF/lawService.do?OC=cacao5424&target=prec&ID=231265&type=HTML&mobileYn=
231423,이혼,87드6835,1988.10.10,서울가정법원,가사,400103,제5부심판 : 확정,,자,/DRF/lawService.do?OC=cacao5424&target=prec&ID=231423&type=HTML&mobileYn=
104442,이혼,88므5,1988.09.13,대법원,가사,400103,판결,,선고,/DRF/lawService.do?OC=cacao5424&target=prec&ID=104442&type=HTML&mobileYn=
104315,"위자료,이혼",88므7,1988.05.24,대법원,가사,400103,판결,,선고,/DRF/lawService.do?OC=cacao5424&target=prec&ID=104315&type=HTML&mobileYn=
104291,"이혼,위자료등",88므92,1988.05.10,대법원,가사,400103,판결,,선고,/DRF/lawService.do?OC=cacao5424&target=prec&ID=104291&type=HTML&mobileYn=
104261,이혼,87므28,1988.04.25,대법원,가사,400103,판결,,선고,/DRF/lawService.do?OC=cacao5424&target=prec&ID=104261&type=HTML&mobileYn=
104260,이혼,87므9,1988.04.25,대법원,가사,400103,판결,,선고,/DRF/lawService.do?OC=cacao5424&target=prec&ID=104260&type=HTML&mobileYn=
104218,이혼무효,85므71,1988.04.12,대법원,가사,400103,판결,,선고,/DRF/lawService.do?OC=cacao5424&target=prec&ID=104218&type=HTML&mobileYn=
118339,이혼심판,88드190,1988.03.25,광주지방법원,가사,400103,가사심판부 결정 : 확정,,자,/DRF/lawService.do?OC=cacao5424&target=prec&ID=118339&type=HTML&mobileYn=
141095,이혼,87므83,1988.03.22,대법원,가사,400103,판결,,선고,/DRF/lawService.do?OC=cacao5424&target=prec&ID=141095&type=HTML&mobileYn=
104045,이혼,87므60,1988.02.09,대법원,가사,400103,판결,,선고,/DRF/lawService.do?OC=cacao5424&target=prec&ID=104045&type=HTML&mobileYn=
77118,이혼청구사건,87르281,1987.12.28,서울고등법원,가사,400103,제1특별부판결 : 확정,,선고,/DRF/lawService.do?OC=cacao5424&target=prec&ID=77118&type=HTML&mobileYn=
103929,이혼,86므90,1987.12.22,대법원,가사,400103,판결,,선고,/DRF/lawService.do?OC=cacao5424&target=prec&ID=103929&type=HTML&mobileYn=
103876,"이혼,위자료",87므44,1987.12.08,대법원,가사,400103,판결,,선고,/DRF/lawService.do?OC=cacao5424&target=prec&ID=103876&type=HTML&mobileYn=
227947,이혼등,87므55,1987.10.28,대법원,가사,400103,판결,,선고,/DRF/lawService.do?OC=cacao5424&target=prec&ID=227947&type=HTML&mobileYn=
77117,이혼청구사건,87르202,1987.10.05,서울고등법원,가사,400103,제1특별부판결 : 상고,,선고,/DRF/lawService.do?OC=cacao5424&target=prec&ID=77117&type=HTML&mobileYn=
103601,이혼,87므22,1987.09.29,대법원,가사,400103,판결,,선고,/DRF/lawService.do?OC=cacao5424&target=prec&ID=103601&type=HTML&mobileYn=
103600,이혼,87므8,1987.09.22,대법원,가사,400103,판결,,선고,/DRF/lawService.do?OC=cacao5424&target=prec&ID=103600&type=HTML&mobileYn=
103599,이혼,86므87,1987.09.22,대법원,가사,400103,판결,,선고,/DRF/lawService.do?OC=cacao5424&target=prec&ID=103599&type=HTML&mobileYn=
230943,이혼,87므33,1987.08.18,대법원,가사,400103,판결,,선고,/DRF/lawService.do?OC=cacao5424&target=prec&ID=230943&type=HTML&mobileYn=
103472,"이혼,위자료",87므19,1987.08.18,대법원,가사,400103,판결,,선고,/DRF/lawService.do?OC=cacao5424&target=prec&ID=103472&type=HTML&mobileYn=
103413,이혼및위자료,87므24,1987.07.21,대법원,가사,400103,판결,,선고,/DRF/lawService.do?OC=cacao5424&target=prec&ID=103413&type=HTML&mobileYn=
103412,이혼,87므16,1987.07.21,대법원,가사,400103,판결,,선고,/DRF/lawService.do?OC=cacao5424&target=prec&ID=103412&type=HTML&mobileYn=
143065,"이혼,위자료",87므5,1987.05.26,대법원,가사,400103,판결,,선고,/DRF/lawService.do?OC=cacao5424&target=prec&ID=143065&type=HTML&mobileYn=
190193,이혼및위자료청구사건,87르62,1987.05.25,서울고등법원,가사,400103,제1특별부판결 : 확정,,선고,/DRF/lawService.do?OC=cacao5424&target=prec&ID=190193&type=HTML&mobileYn=
190192,이혼및양육자지정청구사건,87르15,1987.04.20,서울고등법원,가사,400103,제1특별부판결 : 확정,,선고,/DRF/lawService.do?OC=cacao5424&target=prec&ID=190192&type=HTML&mobileYn=
102991,"이혼,위자료",86므57,1987.04.14,대법원,가사,400103,판결,,선고,/DRF/lawService.do?OC=cacao5424&target=prec&ID=102991&type=HTML&mobileYn=
102990,이혼,86므28,1987.04.14,대법원,가사,400103,판결,,선고,/DRF/lawService.do?OC=cacao5424&target=prec&ID=102990&type=HTML&mobileYn=
190191,이혼청구사건,86르358,1987.04.13,서울고등법원,가사,400103,제1특별부판결 : 확정,,선고,/DRF/lawService.do?OC=cacao5424&target=prec&ID=190191&type=HTML&mobileYn=
102856,이혼,86므132,1987.03.10,대법원,가사,400103,판결,,선고,/DRF/lawService.do?OC=cacao5424&target=prec&ID=102856&type=HTML&mobileYn=
76810,이혼및위자료등청구사건,86르313,1987.02.23,서울고등법원,가사,400103,제1특별부판결 : 상고,,선고,/DRF/lawService.do?OC=cacao5424&target=prec&ID=76810&type=HTML&mobileYn=
102639,협의이혼취소,86므86,1987.01.20,대법원,가사,400103,판결,,선고,/DRF/lawService.do?OC=cacao5424&target=prec&ID=102639&type=HTML&mobileYn=
76734,이혼심판청구사건,85드6506,1986.12.30,서울가정법원,가사,400103,제3부심판 : 확정,,선고,/DRF/lawService.do?OC=cacao5424&target=prec&ID=76734&type=HTML&mobileYn=
76730,이혼및위자료청구사건,86르180,1986.12.08,서울고등법원,가사,400103,제1특별부판결 : 상고,,선고,/DRF/lawService.do?OC=cacao5424&target=prec&ID=76730&type=HTML&mobileYn=
102436,이혼,86므81,1986.11.25,대법원,가사,400103,판결,,선고,/DRF/lawService.do?OC=cacao5424&target=prec&ID=102436&type=HTML&mobileYn=
102435,이혼,86므67,1986.11.25,대법원,가사,400103,판결,,선고,/DRF/lawService.do?OC=cacao5424&target=prec&ID=102435&type=HTML&mobileYn=
76722,이혼등청구사건,86르139,1986.11.03,서울고등법원,가사,400103,제1특별부판결 : 확정,,선고,/DRF/lawService.do?OC=cacao5424&target=prec&ID=76722&type=HTML&mobileYn=
102332,이혼등,86므83,1986.10.28,대법원,가사,400103,판결,,선고,/DRF/lawService.do?OC=cacao5424&target=prec&ID=102332&type=HTML&mobileYn=
102197,이혼,86므24,1986.09.23,대법원,가사,400103,판결,,선고,/DRF/lawService.do?OC=cacao5424&target=prec&ID=102197&type=HTML&mobileYn=
102137,이혼,86므56,1986.09.09,대법원,가사,400103,판결,,선고,/DRF/lawService.do?OC=cacao5424&target=prec&ID=102137&type=HTML&mobileYn=
102076,이혼,86므68,1986.09.09,대법원,가사,400103,판결,,선고,/DRF/lawService.do?OC=cacao5424&target=prec&ID=102076&type=HTML&mobileYn=
102016,이혼,86므75,1986.08.19,대법원,가사,400103,판결,,선고,/DRF/lawService.do?OC=cacao5424&target=prec&ID=102016&type=HTML&mobileYn=
102015,이혼,86므18,1986.08.19,대법원,가사,400103,판결,,선고,/DRF/lawService.do?OC=cacao5424&target=prec&ID=102015&type=HTML&mobileYn=
101936,이혼,86므76,1986.07.22,대법원,가사,400103,판결,,선고,/DRF/lawService.do?OC=cacao5424&target=prec&ID=101936&type=HTML&mobileYn=
101835,이혼,85므90,1986.07.08,대법원,가사,400103,판결,,선고,/DRF/lawService.do?OC=cacao5424&target=prec&ID=101835&type=HTML&mobileYn=
101774,"이혼,위자료",85므6,1986.06.24,대법원,가사,400103,판결,,선고,/DRF/lawService.do?OC=cacao5424&target=prec&ID=101774&type=HTML&mobileYn=
101733,이혼,86므8,1986.06.10,대법원,가사,400103,판결,,선고,/DRF/lawService.do?OC=cacao5424&target=prec&ID=101733&type=HTML&mobileYn=
101677,이혼,85므87,1986.05.27,대법원,가사,400103,판결,,선고,/DRF/lawService.do?OC=cacao5424&target=prec&ID=101677&type=HTML&mobileYn=
101679,이혼,86므26,1986.05.27,대법원,가사,400103,판결,,선고,/DRF/lawService.do?OC=cacao5424&target=prec&ID=101679&type=HTML&mobileYn=
101678,이혼등,86므14,1986.05.27,대법원,가사,400103,판결,,선고,/DRF/lawService.do?OC=cacao5424&target=prec&ID=101678&type=HTML&mobileYn=
101589,이혼,85므72,1986.03.25,대법원,가사,400103,판결,,선고,/DRF/lawService.do?OC=cacao5424&target=prec&ID=101589&type=HTML&mobileYn=
141204,이혼,85므98,1986.03.25,대법원,가사,400103,판결,,선고,/DRF/lawService.do?OC=cacao5424&target=prec&ID=141204&type=HTML&mobileYn=
101590,이혼,85므85,1986.03.25,대법원,가사,400103,판결,,선고,/DRF/lawService.do?OC=cacao5424&target=prec&ID=101590&type=HTML&mobileYn=
101456,이혼,85므79,1986.02.25,대법원,가사,400103,판결,,선고,/DRF/lawService.do?OC=cacao5424&target=prec&ID=101456&type=HTML&mobileYn=
101400,이혼,85므37,1986.02.11,대법원,가사,400103,판결,,선고,/DRF/lawService.do?OC=cacao5424&target=prec&ID=101400&type=HTML&mobileYn=
76393,이혼청구사건,85드1879,1985.12.29,대구지방법원,가사,400103,제3가사심판부심판 : 확정,,선고,/DRF/lawService.do?OC=cacao5424&target=prec&ID=76393&type=HTML&mobileYn=
101157,이혼,85므51,1985.11.26,대법원,가사,400103,판결,,선고,/DRF/lawService.do?OC=cacao5424&target=prec&ID=101157&type=HTML&mobileYn=
76378,이혼청구사건,84르285,1985.11.04,서울고등법원,가사,400103,제1민사부판결 : 확정,,선고,/DRF/lawService.do?OC=cacao5424&target=prec&ID=76378&type=HTML&mobileYn=
76389,이혼청구사건,84드7150,1985.10.31,서울가정법원,가사,400103,제2부심판 : 확정,,선고,/DRF/lawService.do?OC=cacao5424&target=prec&ID=76389&type=HTML&mobileYn=
100954,이혼,85므40,1985.10.08,대법원,가사,400103,판결,,선고,/DRF/lawService.do?OC=cacao5424&target=prec&ID=100954&type=HTML&mobileYn=
100832,이혼,85므27,1985.09.10,대법원,가사,400103,판결,,선고,/DRF/lawService.do?OC=cacao5424&target=prec&ID=100832&type=HTML&mobileYn=
100756,이혼,85므21,1985.08.20,대법원,가사,400103,판결,,선고,/DRF/lawService.do?OC=cacao5424&target=prec&ID=100756&type=HTML&mobileYn=
76292,이혼무효청구사건,83르86,1985.08.13,대구고등법원,가사,400103,제4특별부판결 : 상고,,선고,/DRF/lawService.do?OC=cacao5424&target=prec&ID=76292&type=HTML&mobileYn=
100702,이혼,85므20,1985.07.23,대법원,가사,400103,판결,,선고,/DRF/lawService.do?OC=cacao5424&target=prec&ID=100702&type=HTML&mobileYn=
100644,이혼,85므5,1985.07.09,대법원,가사,400103,판결,,선고,/DRF/lawService.do?OC=cacao5424&target=prec&ID=100644&type=HTML&mobileYn=
100645,이혼,85므12,1985.07.09,대법원,가사,400103,판결,,선고,/DRF/lawService.do?OC=cacao5424&target=prec&ID=100645&type=HTML&mobileYn=
100592,이혼등,83므18,1985.06.25,대법원,가사,400103,판결,,선고,/DRF/lawService.do?OC=cacao5424&target=prec&ID=100592&type=HTML&mobileYn=
100424,이혼,83므31,1985.05.14,대법원,가사,400103,판결,,선고,/DRF/lawService.do?OC=cacao5424&target=prec&ID=100424&type=HTML&mobileYn=
99932,이혼,84므90,1984.12.11,대법원,가사,400103,판결,,선고,/DRF/lawService.do?OC=cacao5424&target=prec&ID=99932&type=HTML&mobileYn=
76025,이혼무효청구사건,84드57,1984.12.04,서울가정법원,가사,400103,제3부심판 : 항소,,선고,/DRF/lawService.do?OC=cacao5424&target=prec&ID=76025&type=HTML&mobileYn=
99711,이혼,84므53,1984.09.25,대법원,가사,400103,판결,,선고,/DRF/lawService.do?OC=cacao5424&target=prec&ID=99711&type=HTML&mobileYn=
99619,이혼,84므49,1984.08.21,대법원,가사,400103,판결,,선고,/DRF/lawService.do?OC=cacao5424&target=prec&ID=99619&type=HTML&mobileYn=
99466,이혼등,84므25,1984.07.10,대법원,가사,400103,판결,,선고,/DRF/lawService.do?OC=cacao5424&target=prec&ID=99466&type=HTML&mobileYn=
99527,이혼,84므7,1984.07.10,대법원,가사,400103,판결,,선고,/DRF/lawService.do?OC=cacao5424&target=prec&ID=99527&type=HTML&mobileYn=
99528,이혼등ㆍ이혼,84므27,1984.07.10,대법원,가사,400103,판결,,선고,/DRF/lawService.do?OC=cacao5424&target=prec&ID=99528&type=HTML&mobileYn=
99465,이혼등,83므46,1984.06.26,대법원,가사,400103,판결,,선고,/DRF/lawService.do?OC=cacao5424&target=prec&ID=99465&type=HTML&mobileYn=
99128,이혼,82므14,1984.04.24,대법원,가사,400103,판결,,선고,/DRF/lawService.do?OC=cacao5424&target=prec&ID=99128&type=HTML&mobileYn=
190188,이혼청구사건,83으1,1984.03.28,수원지방법원,가사,400103,제1가사부심판 : 확정,,자,/DRF/lawService.do?OC=cacao5424&target=prec&ID=190188&type=HTML&mobileYn=
98876,이혼및위자료,82므40,1984.03.13,대법원,가사,400103,판결,,선고,/DRF/lawService.do?OC=cacao5424&target=prec&ID=98876&type=HTML&mobileYn=
190185,이혼청구사건,83드4846,1984.02.21,서울가정법원,가사,400103,제3부심판 : 확정,,자,/DRF/lawService.do?OC=cacao5424&target=prec&ID=190185&type=HTML&mobileYn=
190184,이혼청구사건,83드209,1984.02.10,서울가정법원,가사,400103,제1부심판 : 미정,,자,/DRF/lawService.do?OC=cacao5424&target=prec&ID=190184&type=HTML&mobileYn=
190183,이혼청구사건,83드2776,1984.01.31,서울가정법원,가사,400103,제3부심판 : 확정,,자,/DRF/lawService.do?OC=cacao5424&target=prec&ID=190183&type=HTML&mobileYn=
98576,이혼및위자료,83므28,1983.12.27,대법원,가사,400103,판결,,선고,/DRF/lawService.do?OC=cacao5424&target=prec&ID=98576&type=HTML&mobileYn=
98448,"이혼,위자료",83므32,1983.11.22,대법원,가사,400103,판결,,선고,/DRF/lawService.do?OC=cacao5424&target=prec&ID=98448&type=HTML&mobileYn=
192909,이혼·위자료,82므28,1983.10.25,대법원,가사,400103,판결,,선고,/DRF/lawService.do?OC=cacao5424&target=prec&ID=192909&type=HTML&mobileYn=
98185,이혼·이혼등,83므20,1983.09.27,대법원,가사,400103,판결,,선고,/DRF/lawService.do?OC=cacao5424&target=prec&ID=98185&type=HTML&mobileYn=
98187,이혼,83므24,1983.09.27,대법원,가사,400103,판결,,선고,/DRF/lawService.do?OC=cacao5424&target=prec&ID=98187&type=HTML&mobileYn=
98188,이혼및위자료,83므26,1983.09.27,대법원,가사,400103,판결,,선고,/DRF/lawService.do?OC=cacao5424&target=prec&ID=98188&type=HTML&mobileYn=
97888,이혼,83므11,1983.07.12,대법원,가사,400103,판결,,선고,/DRF/lawService.do?OC=cacao5424&target=prec&ID=97888&type=HTML&mobileYn=
97835,이혼,82므55,1983.06.28,대법원,가사,400103,판결,,선고,/DRF/lawService.do?OC=cacao5424&target=prec&ID=97835&type=HTML&mobileYn=
97558,이혼,82므63,1983.04.26,대법원,가사,400103,판결,,선고,/DRF/lawService.do?OC=cacao5424&target=prec&ID=97558&type=HTML&mobileYn=
164722,이혼,82므57,1983.03.22,대법원,가사,400103,판결,,선고,/DRF/lawService.do?OC=cacao5424&target=prec&ID=164722&type=HTML&mobileYn=
97191,이혼,82므54,1982.12.28,대법원,가사,400103,판결,,선고,/DRF/lawService.do?OC=cacao5424&target=prec&ID=97191&type=HTML&mobileYn=
235895,"이혼,위자료",82므36,1982.11.23,대법원,가사,400103,판결,,선고,/DRF/lawService.do?OC=cacao5424&target=prec&ID=235895&type=HTML&mobileYn=
96969,이혼무효확인,82므11,1982.10.26,대법원,가사,400103,판결,,선고,/DRF/lawService.do?OC=cacao5424&target=prec&ID=96969&type=HTML&mobileYn=
96895,이혼,81므53,1982.10.12,대법원,가사,400103,판결,,선고,/DRF/lawService.do?OC=cacao5424&target=prec&ID=96895&type=HTML&mobileYn=
96894,이혼,82므37,1982.09.28,대법원,가사,400103,판결,,선고,/DRF/lawService.do?OC=cacao5424&target=prec&ID=96894&type=HTML&mobileYn=
208721,이혼,82므4,1982.07.13,대법원,가사,400103,판결,,선고,/DRF/lawService.do?OC=cacao5424&target=prec&ID=208721&type=HTML&mobileYn=
145455,이혼,81므60,1982.05.11,대법원,가사,400103,판결,,선고,/DRF/lawService.do?OC=cacao5424&target=prec&ID=145455&type=HTML&mobileYn=
96470,이혼,81므56,1982.04.13,대법원,가사,400103,판결,,선고,/DRF/lawService.do?OC=cacao5424&target=prec&ID=96470&type=HTML&mobileYn=
75226,이혼청구사건,81르233,1982.02.08,서울고등법원,가사,400103,제1민사부판결 : 확정,,선고,/DRF/lawService.do?OC=cacao5424&target=prec&ID=75226&type=HTML&mobileYn=
237783,이혼청구사건,81르42,1982.02.02,대구고등법원,가사,400103,특별부판결 : 상고,,선고,/DRF/lawService.do?OC=cacao5424&target=prec&ID=237783&type=HTML&mobileYn=
96700,상고허가신청·이혼,81즈1,1982.01.28,대법원,가사,400103,판결,,선고,/DRF/lawService.do?OC=cacao5424&target=prec&ID=96700&type=HTML&mobileYn=
96096,이혼ㆍ위자료,80므100,1981.10.13,대법원,가사,400103,판결,,선고,/DRF/lawService.do?OC=cacao5424&target=prec&ID=96096&type=HTML&mobileYn=
96094,이혼,80므9,1981.10.13,대법원,가사,400103,판결,,선고,/DRF/lawService.do?OC=cacao5424&target=prec&ID=96094&type=HTML&mobileYn=
96124,이혼,81므46,1981.10.13,대법원,가사,400103,판결,,선고,/DRF/lawService.do?OC=cacao5424&target=prec&ID=96124&type=HTML&mobileYn=
96028,이혼,80므53,1981.09.08,대법원,가사,400103,판결,,선고,/DRF/lawService.do?OC=cacao5424&target=prec&ID=96028&type=HTML&mobileYn=
95960,협의이혼취소,80므77,1981.07.28,대법원,가사,400103,판결,,선고,/DRF/lawService.do?OC=cacao5424&target=prec&ID=95960&type=HTML&mobileYn=
95918,이혼,81므26,1981.07.14,대법원,가사,400103,판결,,선고,/DRF/lawService.do?OC=cacao5424&target=prec&ID=95918&type=HTML&mobileYn=
95400,이혼,79므13,1980.10.14,대법원,가사,400103,판결,,선고,/DRF/lawService.do?OC=cacao5424&target=prec&ID=95400&type=HTML&mobileYn=
95144,이혼,80므4,1980.06.24,대법원,가사,400103,판결,,선고,/DRF/lawService.do?OC=cacao5424&target=prec&ID=95144&type=HTML&mobileYn=
94820,이혼등,79므62,1980.01.29,대법원,가사,400103,판결,,선고,/DRF/lawService.do?OC=cacao5424&target=prec&ID=94820&type=HTML&mobileYn=
94819,이혼무효등,79므11,1980.01.29,대법원,가사,400103,판결,,선고,/DRF/lawService.do?OC=cacao5424&target=prec&ID=94819&type=HTML&mobileYn=
94602,파양및이혼,78므39,1979.10.10,대법원,가사,400103,판결,,선고,/DRF/lawService.do?OC=cacao5424&target=prec&ID=94602&type=HTML&mobileYn=
94190,이혼,78므34,1979.02.13,대법원,가사,400103,판결,,선고,/DRF/lawService.do?OC=cacao5424&target=prec&ID=94190&type=HTML&mobileYn=
93875,이혼,78므10,1978.06.13,대법원,가사,400103,판결,,선고,/DRF/lawService.do?OC=cacao5424&target=prec&ID=93875&type=HTML&mobileYn=
190138,이혼청구사건,77르2,1978.01.31,대구고등법원,가사,400103,제1민사부판결 : 상고,,선고,/DRF/lawService.do?OC=cacao5424&target=prec&ID=190138&type=HTML&mobileYn=
74430,이혼등청구사건,76르78,1977.07.07,대구고등법원,가사,400103,특별부판결 : 확정,,선고,/DRF/lawService.do?OC=cacao5424&target=prec&ID=74430&type=HTML&mobileYn=
237355,이혼청구사건,76르41,1977.06.16,대구고등법원,가사,400103,특별부판결 : 확정,,선고,/DRF/lawService.do?OC=cacao5424&target=prec&ID=237355&type=HTML&mobileYn=
213859,이혼,76므10,1976.12.14,대법원,가사,400103,판결,,선고,/DRF/lawService.do?OC=cacao5424&target=prec&ID=213859&type=HTML&mobileYn=
74213,이혼청구사건,76르60,1976.11.04,대구고등법원,가사,400103,제2특별부판결 : 상고,,선고,/DRF/lawService.do?OC=cacao5424&target=prec&ID=74213&type=HTML&mobileYn=
240391,이혼,74므22,1975.07.22,대법원,가사,400103,판결,,선고,/DRF/lawService.do?OC=cacao5424&target=prec&ID=240391&type=HTML&mobileYn=
236195,부부동거등이혼청구사건,74르34,1975.04.01,대구고등법원,가사,400103,제3특별부판결 : 상고,,선고,/DRF/lawService.do?OC=cacao5424&target=prec&ID=236195&type=HTML&mobileYn=
73667,이혼청구사건,74르8,1974.12.06,광주고등법원,가사,400103,제2민사부심판 : 상고,,자,/DRF/lawService.do?OC=cacao5424&target=prec&ID=73667&type=HTML&mobileYn=
92345,이혼,74므1,1974.10.22,대법원,가사,400103,판결,,선고,/DRF/lawService.do?OC=cacao5424&target=prec&ID=92345&type=HTML&mobileYn=
154564,이혼·위자료,72므7,1972.11.14,대법원,가사,400103,판결,,선고,/DRF/lawService.do?OC=cacao5424&target=prec&ID=154564&type=HTML&mobileYn=
73148,이혼(본소)·부동산소유권이전등기및이혼(반소)청구사건,72르12,1972.09.20,광주고등법원,가사,400103,제2민사부판결 : 상고,,선고,/DRF/lawService.do?OC=cacao5424&target=prec&ID=73148&type=HTML&mobileYn=
154665,이혼·양육자지정,72므3,1972.06.27,대법원,가사,400103,판결,,선고,/DRF/lawService.do?OC=cacao5424&target=prec&ID=154665&type=HTML&mobileYn=
154821,이혼·위자료,70므36,1972.02.29,대법원,가사,400103,판결,,선고,/DRF/lawService.do?OC=cacao5424&target=prec&ID=154821&type=HTML&mobileYn=
157436,이혼,71므3,1971.03.23,대법원,가사,400103,판결,,선고,/DRF/lawService.do?OC=cacao5424&target=prec&ID=157436&type=HTML&mobileYn=
240191,이혼·위자료,71므5,1971.03.23,대법원,가사,400103,판결,,선고,/DRF/lawService.do?OC=cacao5424&target=prec&ID=240191&type=HTML&mobileYn=
154886,"이혼,위자료",71므1,1971.02.23,대법원,가사,400103,판결,,선고,/DRF/lawService.do?OC=cacao5424&target=prec&ID=154886&type=HTML&mobileYn=
72740,이혼청구사건,70르12,1970.08.03,대구고등법원,가사,400103,특별부판결 : 확정,,선고,/DRF/lawService.do?OC=cacao5424&target=prec&ID=72740&type=HTML&mobileYn=
155958,이혼,69므13,1970.02.24,대법원,가사,400103,판결,,선고,/DRF/lawService.do?OC=cacao5424&target=prec&ID=155958&type=HTML&mobileYn=
156185,이혼등,68므9,1969.12.09,대법원,가사,400103,판결,,선고,/DRF/lawService.do?OC=cacao5424&target=prec&ID=156185&type=HTML&mobileYn=
156164,이혼,69므31,1969.12.09,대법원,가사,400103,판결,,선고,/DRF/lawService.do?OC=cacao5424&target=prec&ID=156164&type=HTML&mobileYn=
155872,이혼및위자료,69므18,1969.08.19,대법원,가사,400103,판결,,선고,/DRF/lawService.do?OC=cacao5424&target=prec&ID=155872&type=HTML&mobileYn=
240197,이혼및위자료,69므17,1969.08.19,대법원,가사,400103,판결,,선고,/DRF/lawService.do?OC=cacao5424&target=prec&ID=240197&type=HTML&mobileYn=
215125,"이혼,위자료",68므29,1969.03.25,대법원,가사,400103,판결,,선고,/DRF/lawService.do?OC=cacao5424&target=prec&ID=215125&type=HTML&mobileYn=
214997,이혼,69므1,1969.03.04,대법원,가사,400103,판결,,선고,/DRF/lawService.do?OC=cacao5424&target=prec&ID=214997&type=HTML&mobileYn=
156650,"이혼,위자료",67므24,1967.08.29,대법원,가사,400103,판결,,선고,/DRF/lawService.do?OC=cacao5424&target=prec&ID=156650&type=HTML&mobileYn=
153493,이혼,66므34,1967.02.07,대법원,가사,400103,판결,,선고,/DRF/lawService.do?OC=cacao5424&target=prec&ID=153493&type=HTML&mobileYn=
72131,이혼청구사건,66르161,1966.10.21,대구고등법원,가사,400103,제3민사부판결 : 확정,,선고,/DRF/lawService.do?OC=cacao5424&target=prec&ID=72131&type=HTML&mobileYn=
152645,이혼,66므9,1966.06.28,대법원,가사,400103,판결,,선고,/DRF/lawService.do?OC=cacao5424&target=prec&ID=152645&type=HTML&mobileYn=
152822,이혼,65므50,1966.01.31,대법원,가사,400103,판결,,선고,/DRF/lawService.do?OC=cacao5424&target=prec&ID=152822&type=HTML&mobileYn=
152465,이혼,65므16,1965.09.25,대법원,가사,400103,판결,,선고,/DRF/lawService.do?OC=cacao5424&target=prec&ID=152465&type=HTML&mobileYn=
152467,이혼,65므37,1965.09.21,대법원,가사,400103,판결,,선고,/DRF/lawService.do?OC=cacao5424&target=prec&ID=152467&type=HTML&mobileYn=
151067,이혼무효·혼인무효확인,63다770,1964.04.21,대법원,민사,400101,판결,,선고,/DRF/lawService.do?OC=cacao5424&target=prec&ID=151067&type=HTML&mobileYn=
71941,이혼청구사건,62나978,1963.03.21,서울고등법원,민사,400101,제3민사부판결 : 확정,,선고,/DRF/lawService.do?OC=cacao5424&target=prec&ID=71941&type=HTML&mobileYn=
157403,이혼등,63다54,1963.03.14,대법원,민사,400101,판결,,선고,/DRF/lawService.do?OC=cacao5424&target=prec&ID=157403&type=HTML&mobileYn=
151439,이혼,62다812,1963.01.31,대법원,민사,400101,판결,,선고,/DRF/lawService.do?OC=cacao5424&target=prec&ID=151439&type=HTML&mobileYn=
151522,이혼,62다691,1962.12.27,대법원,민사,400101,판결,,선고,/DRF/lawService.do?OC=cacao5424&target=prec&ID=151522&type=HTML&mobileYn=
150461,이혼무효확인,62다182,1962.06.28,대법원,민사,400101,판결,,선고,/DRF/lawService.do?OC=cacao5424&target=prec&ID=150461&type=HTML&mobileYn=
150217,이혼,4293민상694,1962.01.18,대법원,민사,400101,판결,,선고,/DRF/lawService.do?OC=cacao5424&target=prec&ID=150217&type=HTML&mobileYn=
71855,이혼청구사건,4293민공315,1960.11.22,서울고등법원,민사,400101,제7민사부판결 : 확정,,선고,/DRF/lawService.do?OC=cacao5424&target=prec&ID=71855&type=HTML&mobileYn=
86558,"이혼,위자료",4293민상302,1960.09.29,대법원,민사,400101,판결,,선고,/DRF/lawService.do?OC=cacao5424&target=prec&ID=86558&type=HTML&mobileYn=
86411,이혼,4291민상190,1959.05.28,대법원,민사,400101,판결,,선고,/DRF/lawService.do?OC=cacao5424&target=prec&ID=86411&type=HTML&mobileYn=
86405,이혼,4291민상498,1959.05.07,대법원,민사,400101,판결,,선고,/DRF/lawService.do?OC=cacao5424&target=prec&ID=86405&type=HTML&mobileYn=
86105,이혼,4288민상214,1955.07.28,대법원,민사,400101,판결,,선고,/DRF/lawService.do?OC=cacao5424&target=prec&ID=86105&type=HTML&mobileYn=
